Nome,Data de Nascimento,Sexo,Profissão,Data de Início no Último Emprego,Salário Atual,Estado Civil,Número de Filhos,Empregado,Score de Crédito
Cliente_0,1996-10-17,Feminino,Médico,,7153,Divorciado,2,0,434
Cliente_1,2004-07-16,Feminino,Programador,2021-06-30,9398,Divorciado,1,0,631
Cliente_2,1982-02-09,Feminino,Vendedor,,1608,Casado,3,0,355
Cliente_3,1984-10-24,Feminino,Programador,2021-07-14,3776,Divorciado,3,1,611
Cliente_4,1986-10-04,Masculino,Engenheiro,2019-08-23,5268,Divorciado,1,0,768
Cliente_5,1994-04-07,Masculino,Médico,2016-02-09,56806,Solteiro,2,0,467
Cliente_6,1997-08-03,Feminino,Vendedor,2018-08-10,4562,Divorciado,3,0,440
Cliente_7,1957-11-09,Masculino,Médico,2018-05-08,11363,Divorciado,3,1,752
Cliente_8,1998-12-26,Masculino,Vendedor,2016-01-30,3438,Solteiro,0,1,794
Cliente_9,1968-12-06,Masculino,Professor,2020-08-28,8293,Solteiro,3,1,598
Cliente_10,2003-12-07,Masculino,Engenheiro,2016-04-14,13300,Solteiro,3,0,448
Cliente_11,2004-02-10,Feminino,Vendedor,,12562,Divorciado,3,0,514
Cliente_12,1998-05-18,Masculino,Engenheiro,2018-08-24,4952,Solteiro,1,0,523
Cliente_13,1987-03-03,Feminino,Designer,2020-01-02,12104,Casado,0,1,500
Cliente_14,1985-11-29,Masculino,Médico,2015-06-19,1867,Divorciado,3,0,309
Cliente_15,1961-06-12,Masculino,Professor,2021-12-30,3595,Solteiro,2,1,670
Cliente_16,2004-05-27,Feminino,Designer,2024-05-29,4139,Casado,3,1,404
Cliente_17,1956-06-07,Feminino,Vendedor,2020-11-11,9899,Divorciado,3,1,451
Cliente_18,1988-12-11,Feminino,Programador,2023-10-18,95008,Solteiro,2,1,685
Cliente_19,1957-11-23,Feminino,Vendedor,2023-06-16,4225,Solteiro,2,0,737
Cliente_20,1969-02-23,Masculino,Administrador,2022-02-11,4449,Divorciado,2,0,472
Cliente_21,1987-01-03,Feminino,Médico,2016-07-01,8142,Divorciado,0,0,357
Cliente_22,1966-06-26,Feminino,Vendedor,2020-11-02,10734,Solteiro,0,1,398
Cliente_23,1981-10-29,Masculino,Engenheiro,2017-12-05,13289,Solteiro,0,1,664
Cliente_24,2006-03-15,Masculino,Vendedor,2022-11-29,14956,Solteiro,1,0,785
Cliente_25,1992-06-17,Feminino,Médico,2015-12-21,2904,Divorciado,2,1,483
Cliente_26,1968-11-13,Feminino,Médico,2022-06-14,11437,Solteiro,2,0,353
Cliente_27,1976-04-04,Feminino,Programador,2018-05-18,9391,Casado,0,0,420
Cliente_28,1981-11-08,Feminino,Professor,2021-08-14,8230,Solteiro,2,0,827
Cliente_29,1992-11-01,Feminino,Professor,2022-11-19,14518,Casado,3,1,646
Cliente_30,1987-06-20,Feminino,Professor,2016-11-16,14074,Divorciado,0,1,744
Cliente_31,1976-08-02,Feminino,Designer,2018-05-08,12307,Solteiro,3,0,452
Cliente_32,1997-08-12,Masculino,Professor,2015-02-24,4247,Divorciado,2,0,713
Cliente_33,1998-06-18,Feminino,Designer,2017-02-25,7114,Solteiro,2,1,550
Cliente_34,1972-09-12,Feminino,Vendedor,2023-04-02,11273,Solteiro,3,0,334
Cliente_35,1998-02-08,Masculino,Programador,2015-12-17,5265,Solteiro,2,0,421
Cliente_36,1974-07-30,Masculino,Médico,2024-02-09,3666,Casado,0,1,546
Cliente_37,1975-12-05,Feminino,Designer,2015-01-18,4815,Divorciado,1,1,706
Cliente_38,1983-01-20,Feminino,Vendedor,2016-11-26,9763,Divorciado,1,0,800
Cliente_39,2002-11-20,Feminino,Programador,2021-12-21,3950,Solteiro,1,1,609
Cliente_40,1965-07-26,Feminino,Designer,2021-02-27,4406,Solteiro,2,1,476
Cliente_41,1958-09-04,Masculino,Administrador,2016-03-26,11572,Solteiro,0,0,684
Cliente_42,1995-08-02,Feminino,Programador,2020-05-14,14342,Casado,0,0,391
Cliente_43,1972-10-28,Feminino,Administrador,2018-04-18,13827,Casado,2,0,774
Cliente_44,1999-09-18,Masculino,Vendedor,2017-09-24,9401,Divorciado,0,1,691
Cliente_45,1957-04-04,Masculino,Administrador,2019-09-14,11387,Divorciado,2,0,581
Cliente_46,1980-06-25,Feminino,Professor,,1519,Casado,1,1,755
Cliente_47,1974-05-04,Feminino,Administrador,2016-02-24,14195,Casado,0,1,676
Cliente_48,1954-12-27,Masculino,Professor,,8569,Solteiro,2,0,311
Cliente_49,1989-07-14,Feminino,Vendedor,2021-08-26,7568,Divorciado,0,0,422
Cliente_50,2000-07-17,Masculino,Administrador,2014-12-07,12930,Divorciado,3,0,419
Cliente_51,2002-09-03,Masculino,Programador,2019-04-19,5259,Divorciado,3,0,384
Cliente_52,1986-05-04,Feminino,Administrador,2024-09-28,9399,Solteiro,3,0,424
Cliente_53,1980-10-27,Masculino,Administrador,2015-04-10,7746,Casado,2,0,800
Cliente_54,1999-08-17,Masculino,Engenheiro,2016-07-29,14682,Solteiro,0,0,821
Cliente_55,1985-11-24,Masculino,Programador,2017-08-26,13977,Solteiro,3,1,530
Cliente_56,1997-09-21,Feminino,Designer,2020-10-02,10939,Divorciado,0,0,323
Cliente_57,1972-09-06,Feminino,Programador,2015-11-06,37548,Solteiro,2,1,791
Cliente_58,1981-11-05,Masculino,Vendedor,2022-04-30,14047,Casado,3,0,580
Cliente_59,1966-02-08,Feminino,Médico,2015-07-10,2873,Solteiro,3,0,396
Cliente_60,1974-01-20,Masculino,Engenheiro,2021-10-05,10408,Solteiro,2,1,485
Cliente_61,1992-03-11,Masculino,Programador,2021-08-04,4596,Casado,0,1,693
Cliente_62,1973-07-28,Feminino,Engenheiro,2018-04-16,20932,Solteiro,3,0,795
Cliente_63,1974-11-29,Feminino,Engenheiro,2015-03-19,3430,Casado,0,1,744
Cliente_64,1987-12-27,Feminino,Administrador,2020-12-01,7644,Solteiro,1,0,605
Cliente_65,1982-10-31,Masculino,Programador,2016-03-22,12768,Divorciado,2,1,428
Cliente_66,2000-05-18,Masculino,Programador,,8198,Casado,3,1,401
Cliente_67,1991-06-07,Masculino,Professor,,4035,Divorciado,2,1,633
Cliente_68,1958-11-12,Feminino,Programador,2019-08-14,11090,Solteiro,1,1,365
Cliente_69,1984-10-27,Feminino,Programador,,10283,Casado,2,0,850
Cliente_70,1992-02-15,Masculino,Professor,2022-12-31,7490,Solteiro,2,1,489
Cliente_71,1965-04-24,Feminino,Professor,2024-10-06,12651,Divorciado,3,1,715
Cliente_72,1972-09-28,Feminino,Médico,2019-12-22,4837,Solteiro,1,1,320
Cliente_73,1982-07-26,Feminino,Administrador,2017-01-18,14341,Solteiro,3,0,703
Cliente_74,1956-10-25,Feminino,Programador,2014-11-17,4428,Solteiro,0,0,849
Cliente_75,1987-01-30,Masculino,Designer,2022-12-27,10591,Divorciado,1,0,842
Cliente_76,1977-09-09,Feminino,Engenheiro,2014-12-10,6524,Divorciado,2,1,800
Cliente_77,2001-10-07,Masculino,Vendedor,2017-06-06,14184,Casado,2,1,365
Cliente_78,1986-03-27,Masculino,Professor,2023-11-06,13555,Solteiro,0,1,831
Cliente_79,2003-11-27,Masculino,Vendedor,2017-06-30,12301,Solteiro,2,1,427
Cliente_80,1978-06-26,Feminino,Programador,2020-04-29,5264,Casado,3,0,512
Cliente_81,1970-10-17,Feminino,Designer,2016-08-18,12957,Solteiro,1,1,420
Cliente_82,1982-10-06,Masculino,Engenheiro,2022-02-22,3142,Solteiro,0,0,485
Cliente_83,2000-11-05,Feminino,Programador,2023-10-01,8062,Solteiro,0,1,484
Cliente_84,1987-11-09,Masculino,Designer,2024-10-04,14621,Solteiro,2,0,305
Cliente_85,1955-11-25,Feminino,Administrador,2023-11-24,12920,Solteiro,2,0,757
Cliente_86,1978-07-21,Masculino,Engenheiro,2022-03-27,2352,Divorciado,0,0,621
Cliente_87,1987-09-16,Feminino,Designer,2019-10-13,11918,Divorciado,3,1,425
Cliente_88,1961-12-30,Feminino,Professor,,31939,Divorciado,3,0,340
Cliente_89,1971-04-16,Feminino,Programador,2015-08-11,9227,Casado,1,0,431
Cliente_90,1965-08-14,Feminino,Designer,2015-02-15,8633,Casado,2,0,511
Cliente_91,1993-12-19,Feminino,Designer,2023-04-16,54483,Divorciado,0,0,465
Cliente_92,1983-01-08,Masculino,Programador,2022-03-16,2811,Casado,2,1,389
Cliente_93,1994-04-04,Masculino,Engenheiro,2016-07-29,13370,Divorciado,2,1,562
Cliente_94,1984-08-28,Feminino,Programador,2023-08-13,8064,Solteiro,3,0,335
Cliente_95,1956-06-03,Masculino,Designer,2014-11-22,10036,Solteiro,2,0,386
Cliente_96,1958-06-06,Feminino,Vendedor,2020-06-24,11288,Solteiro,1,0,427
Cliente_97,1983-03-19,Masculino,Administrador,2016-04-29,42973,Divorciado,3,1,818
Cliente_98,1968-05-07,Masculino,Médico,2017-07-30,8692,Casado,3,1,605
Cliente_99,1970-12-14,Feminino,Vendedor,2023-03-03,87915,Divorciado,2,0,672
Cliente_100,1974-04-23,Feminino,Engenheiro,,2050,Casado,3,1,475
Cliente_101,1987-02-09,Feminino,Designer,2017-12-05,9864,Casado,1,1,733
Cliente_102,1994-05-17,Masculino,Médico,2019-11-02,5295,Solteiro,0,0,300
Cliente_103,1961-01-26,Masculino,Administrador,2022-05-20,12543,Solteiro,1,0,554
Cliente_104,1962-07-05,Masculino,Engenheiro,2023-01-27,51359,Divorciado,3,1,607
Cliente_105,1998-08-18,Masculino,Vendedor,2017-11-11,4079,Divorciado,1,0,347
Cliente_106,2002-07-23,Feminino,Professor,2015-02-16,56167,Solteiro,3,1,831
Cliente_107,1996-12-12,Feminino,Programador,2023-08-24,7285,Divorciado,2,0,600
Cliente_108,1993-01-26,Masculino,Engenheiro,2023-05-23,8142,Solteiro,3,1,846
Cliente_109,1992-06-06,Masculino,Engenheiro,2020-06-19,9982,Divorciado,0,0,755
Cliente_110,1968-11-28,Masculino,Designer,2019-12-16,28993,Casado,1,0,443
Cliente_111,2001-01-31,Masculino,Médico,2023-03-16,10504,Divorciado,2,1,802
Cliente_112,1972-04-06,Feminino,Vendedor,2017-07-17,10660,Solteiro,3,0,620
Cliente_113,1972-07-19,Feminino,Engenheiro,,7203,Divorciado,1,1,835
Cliente_114,1964-10-16,Feminino,Programador,2018-01-16,14861,Casado,1,0,660
Cliente_115,1959-04-25,Feminino,Engenheiro,2021-07-29,11434,Casado,1,0,822
Cliente_116,1984-03-24,Masculino,Engenheiro,2017-01-10,8950,Casado,2,0,514
Cliente_117,1957-02-24,Feminino,Designer,,10919,Solteiro,3,0,401
Cliente_118,2005-10-02,Masculino,Engenheiro,2014-12-13,42942,Divorciado,3,1,345
Cliente_119,1996-07-04,Feminino,Médico,2018-12-19,3244,Solteiro,2,1,542
Cliente_120,1958-08-11,Feminino,Designer,2022-08-28,9743,Solteiro,0,0,337
Cliente_121,1982-11-05,Feminino,Professor,2021-06-16,3417,Solteiro,1,0,492
Cliente_122,1976-04-07,Masculino,Administrador,2015-12-25,5722,Divorciado,3,0,445
Cliente_123,1996-10-10,Feminino,Professor,2022-02-01,14822,Solteiro,2,1,606
Cliente_124,1980-06-14,Masculino,Administrador,2023-07-05,5598,Divorciado,2,0,520
Cliente_125,1967-10-12,Feminino,Vendedor,2017-08-13,7678,Casado,1,1,437
Cliente_126,1992-08-05,Feminino,Vendedor,2018-11-06,14115,Divorciado,2,1,521
Cliente_127,1966-01-29,Masculino,Vendedor,2024-08-20,7065,Divorciado,1,0,667
Cliente_128,2006-06-29,Feminino,Designer,2021-03-22,9017,Solteiro,3,0,584
Cliente_129,1983-02-26,Masculino,Médico,2015-02-13,11114,Casado,1,0,431
Cliente_130,1961-11-15,Feminino,Designer,2020-01-20,9396,Divorciado,0,0,732
Cliente_131,1990-10-03,Feminino,Designer,2017-02-10,2606,Divorciado,1,1,376
Cliente_132,1961-03-28,Masculino,Administrador,2019-06-28,14421,Solteiro,1,1,561
Cliente_133,1997-03-28,Feminino,Designer,2016-02-18,12590,Casado,0,1,566
Cliente_134,1980-01-04,Feminino,Designer,,14609,Solteiro,1,0,690
Cliente_135,1961-03-28,Masculino,Engenheiro,2024-08-13,7285,Solteiro,2,1,467
Cliente_136,1988-12-09,Masculino,Vendedor,2024-04-28,1659,Solteiro,3,0,709
Cliente_137,1993-01-26,Feminino,Vendedor,2015-12-03,5814,Solteiro,3,0,767
Cliente_138,1973-03-28,Masculino,Administrador,2021-07-23,3023,Divorciado,3,1,385
Cliente_139,1992-04-16,Masculino,Programador,2019-02-25,13768,Casado,3,1,560
Cliente_140,1958-05-24,Masculino,Professor,2020-01-09,2745,Casado,0,1,735
Cliente_141,1959-03-16,Masculino,Vendedor,2023-11-06,4424,Solteiro,1,1,446
Cliente_142,2006-09-25,Feminino,Administrador,2018-09-28,7292,Solteiro,1,0,848
Cliente_143,1977-09-14,Masculino,Médico,2021-08-29,10899,Divorciado,2,1,508
Cliente_144,1962-12-13,Masculino,Engenheiro,,13725,Solteiro,1,0,372
Cliente_145,2005-01-13,Masculino,Professor,,4615,Solteiro,0,1,575
Cliente_146,1996-09-30,Masculino,Programador,2015-09-17,4771,Divorciado,2,1,497
Cliente_147,1974-03-21,Masculino,Designer,2021-02-08,5465,Casado,2,0,681
Cliente_148,1979-03-13,Masculino,Programador,2017-08-28,4887,Casado,1,0,823
Cliente_149,1985-04-20,Masculino,Professor,2017-06-26,5591,Solteiro,0,0,467
Cliente_150,2001-08-02,Feminino,Vendedor,2024-01-12,7333,Casado,3,0,729
Cliente_151,1985-03-05,Masculino,Professor,2019-11-13,3247,Casado,0,0,457
Cliente_152,1955-11-19,Masculino,Administrador,2015-04-12,2785,Casado,0,0,623
Cliente_153,1999-09-20,Feminino,Engenheiro,2022-01-11,12369,Divorciado,0,0,744
Cliente_154,1999-02-06,Masculino,Administrador,,1608,Casado,2,1,688
Cliente_155,1963-03-09,Masculino,Engenheiro,2019-09-08,10371,Solteiro,2,1,326
Cliente_156,2000-07-29,Feminino,Médico,2024-02-26,9401,Solteiro,0,1,553
Cliente_157,1958-12-29,Masculino,Designer,2016-06-15,6667,Divorciado,3,1,379
Cliente_158,1995-07-03,Masculino,Vendedor,2022-10-20,10912,Solteiro,2,1,576
Cliente_159,1995-04-07,Masculino,Vendedor,2016-10-31,9541,Divorciado,0,0,427
Cliente_160,1964-02-22,Masculino,Programador,2024-08-23,14021,Solteiro,3,0,844
Cliente_161,1957-06-17,Masculino,Designer,2020-11-18,6091,Solteiro,1,0,412
Cliente_162,1991-12-21,Feminino,Programador,2015-12-28,13790,Solteiro,1,0,716
Cliente_163,1983-01-02,Masculino,Designer,2021-11-12,2387,Casado,0,0,367
Cliente_164,1959-06-12,Feminino,Administrador,2023-05-08,8433,Divorciado,0,0,637
Cliente_165,1968-10-27,Masculino,Professor,2014-12-23,10359,Solteiro,2,1,391
Cliente_166,1987-10-13,Masculino,Professor,2014-10-31,65519,Solteiro,3,1,671
Cliente_167,1958-05-27,Feminino,Designer,2024-06-10,12744,Solteiro,0,1,641
Cliente_168,1988-09-26,Masculino,Médico,2019-12-16,8990,Divorciado,1,1,579
Cliente_169,1978-10-26,Masculino,Professor,2024-01-21,12940,Casado,0,0,449
Cliente_170,1970-12-27,Feminino,Médico,2018-04-22,6671,Divorciado,2,0,531
Cliente_171,1973-04-13,Masculino,Professor,2019-03-17,1693,Divorciado,2,1,580
Cliente_172,1967-06-25,Masculino,Vendedor,2020-09-24,7716,Casado,3,1,310
Cliente_173,1960-05-08,Feminino,Administrador,,6831,Casado,1,1,400
Cliente_174,1966-04-12,Feminino,Engenheiro,2022-11-25,5754,Solteiro,3,1,686
Cliente_175,1995-12-05,Feminino,Engenheiro,2021-11-29,5806,Divorciado,1,1,527
Cliente_176,1984-07-17,Masculino,Administrador,2018-05-03,9222,Divorciado,1,0,687
Cliente_177,1986-08-17,Feminino,Vendedor,2023-06-24,7121,Casado,0,0,407
Cliente_178,2001-01-14,Masculino,Designer,2019-01-24,9671,Solteiro,1,0,426
Cliente_179,1976-06-14,Masculino,Programador,,8366,Solteiro,1,0,479
Cliente_180,2004-11-23,Feminino,Administrador,2024-08-19,7599,Casado,2,0,839
Cliente_181,1957-02-02,Feminino,Engenheiro,2019-06-25,8063,Solteiro,3,1,613
Cliente_182,1986-02-20,Masculino,Professor,2023-02-02,4447,Solteiro,3,1,801
Cliente_183,1987-01-10,Masculino,Professor,2015-02-26,10935,Solteiro,2,0,397
Cliente_184,2006-02-20,Feminino,Engenheiro,,14839,Divorciado,0,0,841
Cliente_185,2000-05-31,Feminino,Engenheiro,2016-10-06,55382,Casado,3,0,657
Cliente_186,2001-07-02,Feminino,Programador,2020-01-26,10598,Solteiro,2,0,588
Cliente_187,1986-03-31,Masculino,Engenheiro,2021-12-27,7740,Casado,0,1,577
Cliente_188,2000-09-26,Feminino,Designer,2016-09-10,14607,Solteiro,2,0,401
Cliente_189,2003-12-19,Feminino,Programador,2015-07-05,3950,Solteiro,3,1,349
Cliente_190,1977-02-20,Masculino,Vendedor,,1659,Casado,3,1,474
Cliente_191,2000-06-05,Masculino,Vendedor,2019-02-21,9685,Divorciado,1,1,625
Cliente_192,1960-08-28,Feminino,Administrador,2024-03-07,11832,Casado,2,1,698
Cliente_193,1985-06-07,Masculino,Engenheiro,2015-10-02,13305,Solteiro,1,1,485
Cliente_194,1981-10-19,Masculino,Professor,2024-04-03,9472,Casado,2,1,653
Cliente_195,1963-03-27,Masculino,Vendedor,2023-12-31,10710,Solteiro,3,1,844
Cliente_196,1987-07-25,Feminino,Engenheiro,2015-01-22,2281,Solteiro,2,0,712
Cliente_197,1958-05-29,Feminino,Designer,2015-04-19,12813,Divorciado,2,0,788
Cliente_198,1994-11-30,Feminino,Designer,2023-10-21,5030,Casado,0,1,430
Cliente_199,1955-07-22,Feminino,Professor,2024-09-06,9307,Solteiro,0,0,565
Cliente_200,1955-02-02,Feminino,Programador,2021-07-02,3077,Casado,0,1,309
Cliente_201,1964-05-18,Feminino,Professor,2021-05-13,6983,Casado,1,0,825
Cliente_202,1984-12-25,Masculino,Administrador,2022-01-19,7403,Solteiro,2,0,459
Cliente_203,1964-05-08,Masculino,Administrador,2018-02-19,14771,Casado,3,0,429
Cliente_204,1970-04-07,Masculino,Administrador,2016-02-09,1824,Divorciado,2,0,446
Cliente_205,1989-09-13,Feminino,Engenheiro,2016-07-22,7252,Solteiro,2,1,687
Cliente_206,1998-04-28,Feminino,Professor,2016-03-30,11421,Divorciado,0,0,573
Cliente_207,1998-02-01,Masculino,Programador,2023-01-31,10935,Casado,1,0,354
Cliente_208,1968-02-11,Feminino,Médico,,10321,Casado,3,1,679
Cliente_209,1974-12-31,Feminino,Professor,2022-02-27,14284,Solteiro,3,1,555
Cliente_210,1968-10-13,Feminino,Administrador,2017-08-22,6826,Casado,0,1,728
Cliente_211,1969-11-26,Feminino,Vendedor,2014-12-07,9487,Solteiro,3,0,768
Cliente_212,1964-11-19,Feminino,Programador,,8822,Solteiro,2,1,487
Cliente_213,2001-12-03,Masculino,Médico,2016-04-05,7743,Divorciado,2,0,749
Cliente_214,1997-12-15,Feminino,Programador,2015-04-02,9098,Divorciado,0,0,662
Cliente_215,2001-05-06,Feminino,Programador,2021-04-28,3873,Solteiro,1,1,779
Cliente_216,1970-08-30,Feminino,Administrador,2018-10-30,11995,Casado,2,0,814
Cliente_217,1976-05-05,Feminino,Vendedor,2020-01-24,7027,Solteiro,1,0,593
Cliente_218,1996-12-24,Feminino,Administrador,2024-02-06,11532,Solteiro,1,1,582
Cliente_219,1984-06-23,Masculino,Médico,2023-03-05,2668,Casado,3,0,738
Cliente_220,1989-08-05,Feminino,Professor,2023-09-23,65039,Casado,2,0,833
Cliente_221,1989-09-20,Masculino,Médico,,6691,Casado,3,0,534
Cliente_222,1958-09-02,Masculino,Professor,2015-04-16,13139,Solteiro,0,1,612
Cliente_223,1966-07-15,Masculino,Vendedor,2016-11-29,12061,Casado,2,1,389
Cliente_224,1994-03-17,Masculino,Programador,2019-08-19,8789,Solteiro,0,0,612
Cliente_225,1968-12-07,Feminino,Professor,2023-10-27,7450,Casado,3,1,716
Cliente_226,1990-04-28,Masculino,Designer,2019-02-07,10035,Divorciado,3,0,620
Cliente_227,1981-10-17,Feminino,Médico,2015-07-30,8282,Solteiro,3,0,392
Cliente_228,1965-04-12,Masculino,Médico,2018-02-18,1878,Divorciado,2,0,381
Cliente_229,1984-05-16,Masculino,Engenheiro,2019-11-23,5344,Divorciado,3,0,378
Cliente_230,2000-01-08,Feminino,Programador,2023-04-22,13687,Solteiro,0,1,545
Cliente_231,1967-01-11,Masculino,Programador,2021-11-04,2811,Divorciado,1,0,395
Cliente_232,1957-05-30,Feminino,Vendedor,2015-10-16,8005,Divorciado,2,0,469
Cliente_233,1997-12-31,Feminino,Professor,2015-06-11,2545,Solteiro,0,1,358
Cliente_234,2002-03-31,Feminino,Vendedor,2021-03-16,9252,Solteiro,2,0,386
Cliente_235,1958-04-15,Masculino,Vendedor,2022-02-25,1931,Casado,3,1,592
Cliente_236,2005-06-17,Feminino,Designer,,10084,Divorciado,2,0,804
Cliente_237,1998-06-01,Feminino,Programador,2016-01-10,2863,Casado,3,0,310
Cliente_238,1985-07-30,Feminino,Designer,2023-07-20,11626,Solteiro,0,0,734
Cliente_239,1991-11-12,Masculino,Engenheiro,2022-12-05,12228,Divorciado,0,0,820
Cliente_240,1970-04-28,Masculino,Médico,2021-04-01,7887,Casado,1,0,439
Cliente_241,1963-03-20,Masculino,Vendedor,2018-10-05,5553,Casado,3,1,791
Cliente_242,1963-08-07,Feminino,Vendedor,2016-02-18,8760,Casado,1,0,809
Cliente_243,1987-08-10,Masculino,Designer,2021-04-25,3650,Solteiro,0,0,827
Cliente_244,1970-10-21,Masculino,Administrador,2015-03-19,4295,Divorciado,3,0,845
Cliente_245,2001-07-10,Feminino,Programador,2023-01-02,66771,Casado,1,1,427
Cliente_246,1992-01-06,Feminino,Médico,2021-05-11,6828,Divorciado,2,0,715
Cliente_247,1972-10-13,Masculino,Vendedor,2016-12-15,9154,Solteiro,2,1,314
Cliente_248,2006-08-04,Feminino,Designer,2022-05-12,10356,Solteiro,0,0,494
Cliente_249,1971-10-04,Masculino,Designer,2021-02-04,10487,Casado,0,1,307
Cliente_250,1982-12-28,Feminino,Professor,2016-10-18,12929,Casado,1,1,735
Cliente_251,1965-12-18,Masculino,Médico,2020-10-12,11180,Divorciado,1,0,847
Cliente_252,1981-03-11,Feminino,Designer,2024-03-22,11839,Solteiro,1,1,653
Cliente_253,1968-10-31,Masculino,Professor,2021-11-08,10740,Divorciado,3,1,550
Cliente_254,1956-12-03,Masculino,Administrador,2022-10-27,11982,Solteiro,2,0,840
Cliente_255,1963-02-14,Feminino,Programador,,6573,Divorciado,3,1,343
Cliente_256,1992-11-23,Feminino,Designer,2019-09-13,9391,Solteiro,3,0,759
Cliente_257,1989-09-30,Feminino,Professor,2018-08-08,14684,Casado,1,0,472
Cliente_258,1980-03-01,Feminino,Administrador,2019-08-04,60352,Solteiro,2,0,836
Cliente_259,1987-04-03,Masculino,Professor,2015-11-14,5756,Solteiro,1,0,530
Cliente_260,2001-07-15,Masculino,Médico,2024-08-21,1672,Casado,2,0,479
Cliente_261,1954-10-28,Masculino,Administrador,,37865,Divorciado,2,0,376
Cliente_262,1958-02-21,Feminino,Vendedor,2022-04-12,9187,Divorciado,1,1,675
Cliente_263,2001-04-25,Masculino,Professor,2015-07-15,12768,Solteiro,0,1,436
Cliente_264,1978-08-25,Masculino,Administrador,2017-01-27,13877,Casado,3,1,826
Cliente_265,2001-08-27,Masculino,Designer,2017-07-17,1649,Divorciado,2,1,661
Cliente_266,2002-04-14,Masculino,Engenheiro,,14573,Casado,1,0,352
Cliente_267,1964-01-04,Masculino,Programador,2015-08-28,5288,Casado,3,0,732
Cliente_268,1961-09-02,Feminino,Designer,,10481,Divorciado,3,0,807
Cliente_269,1959-02-19,Feminino,Designer,2022-07-22,8245,Solteiro,1,1,688
Cliente_270,1992-08-29,Feminino,Programador,2019-10-19,8661,Casado,0,0,474
Cliente_271,2001-09-06,Feminino,Programador,2023-09-28,4175,Casado,0,1,682
Cliente_272,1961-03-23,Masculino,Professor,2015-06-21,12083,Solteiro,1,0,415
Cliente_273,1999-08-06,Feminino,Designer,2023-05-26,7699,Solteiro,0,0,646
Cliente_274,1990-02-10,Feminino,Professor,,2797,Divorciado,3,1,555
Cliente_275,2000-08-20,Feminino,Médico,2022-11-20,5424,Solteiro,1,0,420
Cliente_276,2000-09-08,Masculino,Professor,2019-11-30,14606,Divorciado,2,1,597
Cliente_277,1985-09-06,Masculino,Médico,2020-05-05,14731,Divorciado,1,0,606
Cliente_278,1970-07-24,Masculino,Vendedor,2020-06-24,5954,Casado,0,0,794
Cliente_279,1996-01-11,Masculino,Engenheiro,2022-11-01,13672,Solteiro,3,1,600
Cliente_280,1955-09-04,Masculino,Designer,2022-09-03,5904,Solteiro,3,0,571
Cliente_281,1984-09-11,Masculino,Administrador,2019-10-09,2621,Casado,2,0,518
Cliente_282,1954-11-05,Feminino,Médico,2024-05-20,6244,Casado,1,1,302
Cliente_283,2003-03-21,Feminino,Engenheiro,2017-11-07,8960,Solteiro,0,1,703
Cliente_284,1999-06-06,Feminino,Programador,2021-06-18,5958,Divorciado,2,1,522
Cliente_285,1969-03-04,Feminino,Vendedor,2014-11-15,9560,Solteiro,1,1,612
Cliente_286,1956-01-28,Feminino,Administrador,2024-02-02,1817,Solteiro,0,0,827
Cliente_287,1959-11-19,Feminino,Professor,,10264,Casado,0,1,336
Cliente_288,1978-05-27,Feminino,Engenheiro,2020-01-26,33405,Divorciado,3,1,774
Cliente_289,1983-05-23,Masculino,Médico,2014-11-07,3548,Casado,3,1,799
Cliente_290,1988-06-16,Masculino,Designer,2021-12-23,13412,Solteiro,3,1,358
Cliente_291,1978-08-06,Feminino,Vendedor,2015-10-11,31822,Divorciado,0,1,664
Cliente_292,1985-05-15,Feminino,Programador,2024-07-21,9586,Casado,1,1,306
Cliente_293,1982-12-15,Masculino,Programador,2016-01-02,8385,Divorciado,1,1,771
Cliente_294,1971-04-11,Feminino,Engenheiro,2019-05-24,14598,Divorciado,1,0,636
Cliente_295,1995-01-16,Feminino,Administrador,2019-05-03,7584,Divorciado,2,0,605
Cliente_296,1979-11-14,Feminino,Engenheiro,2018-06-06,14466,Solteiro,2,0,662
Cliente_297,1965-10-06,Masculino,Professor,2020-06-01,30515,Casado,3,0,409
Cliente_298,1978-06-02,Masculino,Administrador,2024-06-24,3893,Casado,3,1,305
Cliente_299,2000-04-10,Feminino,Administrador,2022-04-25,71435,Solteiro,1,0,658
Cliente_300,2005-12-12,Masculino,Programador,,81623,Divorciado,3,1,490
Cliente_301,1965-09-01,Masculino,Vendedor,2021-08-15,5597,Casado,1,0,711
Cliente_302,1956-04-10,Masculino,Vendedor,,1706,Solteiro,1,1,663
Cliente_303,1997-10-24,Feminino,Programador,2018-11-01,14085,Casado,2,1,309
Cliente_304,2000-03-18,Masculino,Professor,2018-03-22,7804,Divorciado,1,1,403
Cliente_305,1958-07-20,Masculino,Designer,2022-12-25,8757,Casado,3,0,741
Cliente_306,1987-08-30,Feminino,Professor,2017-05-28,2049,Divorciado,1,1,803
Cliente_307,1961-05-26,Feminino,Administrador,2018-10-15,13547,Divorciado,3,1,502
Cliente_308,1982-12-28,Feminino,Médico,2016-07-04,10038,Solteiro,1,0,386
Cliente_309,1994-11-25,Masculino,Médico,,4915,Divorciado,0,0,841
Cliente_310,1975-06-22,Masculino,Engenheiro,2022-04-24,12664,Solteiro,2,0,826
Cliente_311,2000-08-11,Feminino,Professor,2015-10-30,6793,Casado,2,1,457
Cliente_312,1984-11-13,Feminino,Professor,2015-05-12,13431,Divorciado,1,1,720
Cliente_313,1973-08-19,Masculino,Vendedor,2022-10-28,92034,Casado,3,1,426
Cliente_314,1981-03-20,Masculino,Engenheiro,2018-02-16,5650,Divorciado,1,0,799
Cliente_315,1992-08-18,Feminino,Vendedor,2016-06-29,6395,Solteiro,2,0,307
Cliente_316,1967-06-22,Masculino,Administrador,2018-02-19,2353,Casado,3,1,459
Cliente_317,1958-01-18,Feminino,Designer,,5068,Casado,0,1,556
Cliente_318,1979-08-24,Masculino,Professor,2018-05-28,5366,Casado,0,1,531
Cliente_319,1959-05-01,Feminino,Vendedor,2018-06-16,6816,Divorciado,3,1,781
Cliente_320,2006-01-30,Masculino,Programador,2015-05-22,56188,Divorciado,1,1,704
Cliente_321,1957-01-10,Feminino,Vendedor,2014-11-19,7984,Divorciado,2,1,683
Cliente_322,1979-12-04,Masculino,Professor,2018-09-10,1646,Divorciado,3,1,606
Cliente_323,1997-06-28,Feminino,Designer,2019-04-10,11020,Solteiro,1,1,673
Cliente_324,1994-09-26,Masculino,Professor,,9286,Divorciado,3,1,738
Cliente_325,1983-01-21,Feminino,Programador,,4039,Solteiro,3,1,486
Cliente_326,1996-06-05,Feminino,Médico,2024-07-19,2966,Divorciado,2,1,849
Cliente_327,1997-03-07,Feminino,Administrador,2024-10-06,9690,Casado,0,1,575
Cliente_328,1957-02-24,Feminino,Médico,2017-11-19,64357,Divorciado,0,0,411
Cliente_329,1992-11-02,Feminino,Designer,2023-04-23,13944,Solteiro,0,0,749
Cliente_330,1982-05-08,Masculino,Designer,2022-10-13,2479,Divorciado,0,1,749
Cliente_331,1981-07-04,Feminino,Programador,2015-04-21,4021,Divorciado,2,0,465
Cliente_332,1987-11-21,Masculino,Vendedor,2024-02-08,14467,Casado,1,1,443
Cliente_333,1976-01-09,Feminino,Médico,,9492,Solteiro,3,0,662
Cliente_334,1988-07-08,Masculino,Médico,2023-03-08,10648,Solteiro,2,1,744
Cliente_335,1983-02-06,Feminino,Médico,2015-04-12,13897,Casado,0,0,305
Cliente_336,1961-06-10,Feminino,Médico,2020-09-05,8687,Casado,0,1,667
Cliente_337,1962-12-15,Masculino,Programador,2020-07-31,1849,Casado,2,0,503
Cliente_338,1984-04-03,Feminino,Designer,2017-05-06,7368,Divorciado,3,1,413
Cliente_339,2002-03-24,Masculino,Designer,2023-08-22,5607,Solteiro,2,0,494
Cliente_340,1998-07-03,Masculino,Engenheiro,2021-02-25,9451,Casado,3,0,591
Cliente_341,1968-10-13,Feminino,Administrador,2023-01-02,10659,Casado,2,0,341
Cliente_342,1981-12-17,Feminino,Vendedor,2019-11-15,12920,Solteiro,1,0,436
Cliente_343,2002-10-30,Masculino,Designer,2019-04-23,10784,Divorciado,0,1,704
Cliente_344,2006-06-19,Feminino,Administrador,2022-10-26,7196,Divorciado,1,0,731
Cliente_345,1976-11-10,Feminino,Administrador,2018-06-21,9174,Divorciado,2,0,639
Cliente_346,1995-01-18,Feminino,Médico,2017-11-21,11308,Solteiro,1,1,332
Cliente_347,1983-04-14,Masculino,Professor,2022-04-08,10585,Divorciado,3,0,464
Cliente_348,1992-04-15,Feminino,Médico,2015-08-21,10202,Divorciado,2,1,503
Cliente_349,1967-02-22,Masculino,Médico,2021-05-01,6344,Solteiro,3,1,790
Cliente_350,1957-04-16,Masculino,Designer,2021-06-20,10373,Solteiro,1,1,572
Cliente_351,1968-05-31,Masculino,Engenheiro,2016-08-06,1511,Casado,0,1,421
Cliente_352,1956-06-18,Masculino,Programador,,9789,Solteiro,2,0,731
Cliente_353,2005-12-01,Feminino,Administrador,2018-05-07,4539,Divorciado,3,0,800
Cliente_354,1996-09-30,Feminino,Professor,2016-02-16,11653,Solteiro,1,1,807
Cliente_355,2000-01-13,Masculino,Vendedor,2024-05-29,14214,Divorciado,2,0,430
Cliente_356,1993-05-30,Masculino,Professor,2021-03-15,6754,Casado,0,1,632
Cliente_357,1957-11-02,Masculino,Engenheiro,2017-11-30,12285,Divorciado,2,1,709
Cliente_358,2003-07-21,Masculino,Médico,2018-06-06,14919,Divorciado,0,1,813
Cliente_359,1973-08-29,Feminino,Programador,2019-03-17,10086,Divorciado,1,1,698
Cliente_360,1957-03-19,Masculino,Programador,2016-05-31,14045,Solteiro,3,1,434
Cliente_361,1993-07-01,Masculino,Programador,,11544,Divorciado,2,0,412
Cliente_362,1968-03-23,Masculino,Vendedor,2021-03-10,8214,Solteiro,2,1,410
Cliente_363,1995-05-08,Masculino,Designer,2014-11-04,3309,Casado,3,0,321
Cliente_364,2003-01-12,Masculino,Médico,2015-07-23,28739,Casado,2,1,429
Cliente_365,1979-02-16,Feminino,Professor,2017-08-09,37009,Casado,2,0,459
Cliente_366,1974-01-26,Feminino,Professor,2021-01-02,2012,Divorciado,2,0,652
Cliente_367,2003-03-16,Feminino,Médico,2021-10-18,9452,Divorciado,2,0,812
Cliente_368,1974-09-07,Feminino,Professor,2016-12-30,2021,Casado,3,1,313
Cliente_369,1987-12-09,Feminino,Designer,,7866,Casado,1,0,542
Cliente_370,1984-05-25,Masculino,Programador,2023-07-24,10115,Solteiro,2,1,353
Cliente_371,1997-07-24,Feminino,Administrador,2024-03-25,11171,Solteiro,3,1,650
Cliente_372,1975-01-20,Masculino,Professor,2016-07-22,7502,Casado,1,1,739
Cliente_373,1956-07-21,Feminino,Designer,2022-11-27,13261,Casado,3,0,308
Cliente_374,1970-04-29,Feminino,Programador,2019-03-30,47359,Casado,0,1,744
Cliente_375,1992-12-01,Feminino,Vendedor,2020-10-31,2810,Casado,1,0,791
Cliente_376,1985-07-18,Feminino,Vendedor,2023-08-20,11968,Divorciado,1,1,596
Cliente_377,1992-03-16,Masculino,Médico,2015-12-05,93140,Divorciado,0,1,588
Cliente_378,1990-11-25,Feminino,Médico,2017-06-21,8314,Solteiro,1,0,797
Cliente_379,1969-10-17,Masculino,Administrador,2022-03-30,14512,Casado,1,1,384
Cliente_380,2004-07-23,Feminino,Administrador,2023-12-12,14994,Divorciado,0,1,739
Cliente_381,1990-09-10,Feminino,Designer,2024-05-25,10167,Divorciado,3,0,553
Cliente_382,1976-12-24,Feminino,Vendedor,2021-03-13,29225,Divorciado,2,1,456
Cliente_383,1969-11-05,Masculino,Vendedor,2023-08-07,2776,Divorciado,1,0,823
Cliente_384,1984-07-09,Masculino,Vendedor,,10011,Casado,3,0,491
Cliente_385,1982-11-06,Feminino,Designer,2020-07-24,50279,Casado,3,1,555
Cliente_386,1992-07-02,Feminino,Designer,2023-12-06,4604,Divorciado,0,0,587
Cliente_387,1997-01-31,Masculino,Professor,2023-09-23,12262,Casado,3,1,417
Cliente_388,1972-06-18,Masculino,Vendedor,2017-11-21,11745,Divorciado,0,1,569
Cliente_389,2003-04-24,Feminino,Administrador,2016-11-14,10649,Divorciado,3,1,553
Cliente_390,1964-07-22,Feminino,Médico,,8302,Solteiro,2,0,739
Cliente_391,1986-10-30,Masculino,Professor,2022-12-03,14054,Solteiro,3,1,503
Cliente_392,1988-11-17,Feminino,Professor,2019-11-26,7364,Casado,3,1,785
Cliente_393,1965-06-27,Masculino,Vendedor,2023-08-21,13010,Solteiro,3,1,405
Cliente_394,1975-06-01,Feminino,Programador,2022-08-22,3205,Solteiro,0,1,814
Cliente_395,1979-05-28,Feminino,Designer,2018-07-23,4455,Casado,1,1,485
Cliente_396,1986-05-14,Masculino,Professor,2016-08-02,9768,Solteiro,0,0,493
Cliente_397,1986-10-14,Masculino,Programador,2017-05-13,4091,Casado,2,0,452
Cliente_398,2004-08-29,Feminino,Vendedor,2022-02-09,11329,Solteiro,0,0,534
Cliente_399,1989-06-16,Masculino,Engenheiro,,7272,Solteiro,1,0,423
Cliente_400,1971-01-14,Feminino,Programador,2018-08-10,10512,Solteiro,2,1,435
Cliente_401,1977-05-02,Masculino,Engenheiro,2023-01-18,6819,Casado,1,1,710
Cliente_402,1981-10-15,Masculino,Administrador,,8255,Solteiro,1,1,339
Cliente_403,2000-07-22,Masculino,Administrador,,8554,Divorciado,2,0,580
Cliente_404,1981-09-28,Masculino,Engenheiro,,6799,Solteiro,1,1,496
Cliente_405,1975-04-13,Feminino,Administrador,2017-10-05,10726,Casado,0,0,449
Cliente_406,1961-01-30,Feminino,Vendedor,2022-07-14,7645,Solteiro,1,1,736
Cliente_407,1970-12-05,Masculino,Engenheiro,,13699,Solteiro,3,0,318
Cliente_408,1958-09-05,Feminino,Administrador,2017-08-12,8912,Divorciado,0,1,504
Cliente_409,1977-01-27,Feminino,Engenheiro,2023-11-08,8005,Divorciado,1,0,393
Cliente_410,2004-04-22,Feminino,Designer,2023-06-23,24543,Solteiro,3,1,352
Cliente_411,1996-06-08,Feminino,Professor,2020-04-24,11260,Casado,0,1,689
Cliente_412,1983-05-08,Feminino,Administrador,2017-05-11,37705,Casado,2,1,717
Cliente_413,1990-10-06,Feminino,Vendedor,2017-07-28,6445,Divorciado,0,0,837
Cliente_414,1982-12-20,Masculino,Professor,2022-09-12,49083,Divorciado,2,0,613
Cliente_415,2003-05-09,Feminino,Engenheiro,2020-06-29,6659,Solteiro,0,0,536
Cliente_416,1997-01-21,Masculino,Vendedor,2019-10-10,56170,Casado,3,0,527
Cliente_417,1967-10-19,Feminino,Professor,,9876,Casado,2,0,644
Cliente_418,1975-10-09,Masculino,Engenheiro,2021-10-26,10865,Casado,0,1,736
Cliente_419,1978-08-23,Feminino,Professor,2021-10-04,2118,Casado,2,0,790
Cliente_420,1967-08-20,Feminino,Programador,2023-01-28,4057,Divorciado,1,0,362
Cliente_421,1960-11-25,Feminino,Designer,2017-04-15,7514,Divorciado,0,0,822
Cliente_422,1996-05-29,Masculino,Médico,,5593,Solteiro,0,0,737
Cliente_423,1972-03-23,Feminino,Engenheiro,2015-09-16,14788,Casado,3,1,352
Cliente_424,1955-01-21,Masculino,Programador,2016-04-15,10846,Solteiro,3,1,611
Cliente_425,1989-09-24,Masculino,Vendedor,2018-07-25,5062,Solteiro,3,0,412
Cliente_426,1983-12-07,Feminino,Vendedor,,13355,Solteiro,2,0,575
Cliente_427,2002-10-20,Feminino,Programador,2018-11-29,9405,Solteiro,0,1,672
Cliente_428,1967-08-31,Feminino,Designer,2018-10-07,12798,Divorciado,2,0,587
Cliente_429,2006-08-19,Masculino,Vendedor,2019-06-13,14926,Divorciado,0,1,659
Cliente_430,1960-02-21,Masculino,Designer,2022-02-16,11252,Casado,3,0,728
Cliente_431,1958-06-24,Feminino,Engenheiro,2023-11-20,2112,Casado,2,1,552
Cliente_432,1989-02-08,Feminino,Engenheiro,2015-03-13,10941,Divorciado,1,0,627
Cliente_433,1974-02-09,Feminino,Programador,2019-02-21,14281,Casado,1,0,348
Cliente_434,1968-02-03,Masculino,Programador,2018-12-23,63829,Divorciado,0,1,486
Cliente_435,2000-07-04,Masculino,Designer,2017-03-04,14888,Divorciado,2,1,341
Cliente_436,1977-02-28,Feminino,Engenheiro,2023-02-13,3474,Casado,2,1,300
Cliente_437,1978-08-15,Feminino,Engenheiro,2016-04-12,5214,Casado,0,0,353
Cliente_438,1995-08-09,Masculino,Programador,2022-11-24,11368,Divorciado,0,0,629
Cliente_439,1979-11-04,Feminino,Vendedor,2015-09-15,11885,Divorciado,3,0,517
Cliente_440,1961-04-15,Feminino,Médico,2024-04-17,7766,Divorciado,0,1,592
Cliente_441,1979-01-14,Masculino,Programador,2017-02-09,88731,Divorciado,3,1,783
Cliente_442,1970-02-22,Masculino,Médico,2015-07-19,90769,Divorciado,2,0,586
Cliente_443,1977-07-09,Feminino,Engenheiro,2015-06-02,6854,Casado,1,1,403
Cliente_444,1970-09-07,Feminino,Programador,2021-03-09,5117,Casado,1,0,741
Cliente_445,1980-04-04,Masculino,Administrador,2015-09-20,12536,Casado,3,0,489
Cliente_446,1957-01-17,Masculino,Vendedor,,7936,Divorciado,0,0,558
Cliente_447,1995-05-14,Masculino,Vendedor,2020-04-25,13834,Solteiro,0,1,803
Cliente_448,1989-07-28,Masculino,Designer,2015-03-02,9769,Casado,1,1,672
Cliente_449,1969-01-23,Masculino,Administrador,2019-08-20,76614,Solteiro,1,1,642
Cliente_450,1972-10-08,Feminino,Professor,2024-08-19,7960,Casado,3,0,611
Cliente_451,1991-03-04,Masculino,Engenheiro,2017-10-13,7007,Solteiro,3,1,414
Cliente_452,1955-09-23,Masculino,Engenheiro,2016-01-03,94899,Casado,2,0,399
Cliente_453,1979-10-14,Feminino,Programador,2020-02-15,10480,Casado,1,1,313
Cliente_454,1970-05-09,Masculino,Professor,2018-06-02,2893,Casado,0,1,433
Cliente_455,1957-08-17,Feminino,Professor,2016-04-07,8618,Solteiro,2,0,639
Cliente_456,2006-09-30,Masculino,Professor,2023-08-25,3636,Solteiro,3,0,669
Cliente_457,1979-07-10,Masculino,Programador,2018-06-18,9379,Casado,3,0,670
Cliente_458,1981-01-16,Masculino,Programador,2015-12-17,9493,Casado,2,1,841
Cliente_459,1987-12-05,Masculino,Médico,2018-10-07,10860,Casado,1,0,680
Cliente_460,1968-03-20,Feminino,Administrador,2014-12-05,11592,Solteiro,2,1,543
Cliente_461,1977-11-15,Masculino,Médico,2020-06-23,10089,Divorciado,0,0,582
Cliente_462,1965-01-25,Feminino,Médico,2018-05-10,2673,Solteiro,2,1,515
Cliente_463,1967-02-24,Feminino,Administrador,2024-05-08,8546,Divorciado,1,1,693
Cliente_464,1967-02-12,Masculino,Designer,2020-04-02,10937,Divorciado,3,1,389
Cliente_465,1987-08-12,Feminino,Engenheiro,2017-12-11,74209,Casado,3,1,408
Cliente_466,1960-12-03,Feminino,Médico,2020-04-07,7206,Solteiro,3,0,433
Cliente_467,1964-05-01,Feminino,Designer,,7144,Solteiro,3,0,423
Cliente_468,1991-07-24,Masculino,Designer,2021-01-20,1896,Divorciado,2,1,342
Cliente_469,1999-03-06,Masculino,Programador,2024-03-21,4273,Divorciado,3,1,495
Cliente_470,1981-04-28,Feminino,Professor,2021-10-04,11596,Divorciado,0,1,497
Cliente_471,1960-07-16,Feminino,Vendedor,2024-07-18,14653,Solteiro,3,1,756
Cliente_472,1976-09-17,Masculino,Professor,2015-11-15,3889,Solteiro,2,1,401
Cliente_473,1998-05-28,Feminino,Médico,2021-08-17,14904,Solteiro,1,0,376
Cliente_474,1985-09-17,Feminino,Vendedor,2015-02-23,12728,Solteiro,3,1,651
Cliente_475,1978-12-08,Feminino,Administrador,2023-09-02,13914,Solteiro,3,0,608
Cliente_476,1986-08-18,Feminino,Administrador,2022-03-20,2905,Casado,0,0,785
Cliente_477,1988-12-01,Feminino,Engenheiro,2016-06-06,2393,Divorciado,0,1,506
Cliente_478,1993-07-25,Feminino,Vendedor,2015-07-06,11674,Solteiro,2,1,846
Cliente_479,2004-08-04,Masculino,Administrador,2016-08-06,14937,Casado,3,1,457
Cliente_480,2002-08-21,Masculino,Vendedor,2017-07-13,7124,Casado,1,0,344
Cliente_481,1984-10-25,Masculino,Administrador,,3323,Casado,1,0,430
Cliente_482,1964-02-27,Feminino,Engenheiro,2015-07-14,9219,Solteiro,3,1,496
Cliente_483,2000-04-01,Masculino,Engenheiro,2019-05-04,47395,Solteiro,0,0,728
Cliente_484,1965-12-04,Feminino,Designer,2015-01-17,4971,Divorciado,2,0,558
Cliente_485,1969-08-08,Feminino,Designer,2024-02-21,10073,Divorciado,3,0,655
Cliente_486,1955-02-20,Masculino,Designer,2022-12-27,10491,Solteiro,3,1,674
Cliente_487,1989-05-04,Masculino,Programador,,13459,Divorciado,0,1,759
Cliente_488,1972-05-02,Feminino,Designer,2020-03-31,12888,Casado,3,0,420
Cliente_489,1962-06-07,Masculino,Engenheiro,2015-03-24,1801,Casado,2,0,746
Cliente_490,1970-12-06,Masculino,Vendedor,2018-05-24,12371,Solteiro,1,1,369
Cliente_491,1984-11-23,Feminino,Engenheiro,,5685,Casado,1,1,794
Cliente_492,1993-07-18,Feminino,Vendedor,2015-06-07,6153,Casado,2,0,729
Cliente_493,2006-04-15,Masculino,Professor,2024-02-15,12911,Divorciado,1,1,836
Cliente_494,1997-03-22,Feminino,Engenheiro,2019-08-27,2369,Solteiro,3,0,815
Cliente_495,1968-08-22,Masculino,Designer,,1636,Divorciado,2,0,322
Cliente_496,1987-02-25,Masculino,Administrador,2022-07-16,55561,Casado,0,1,470
Cliente_497,1991-01-02,Feminino,Designer,2015-07-15,12315,Solteiro,0,1,580
Cliente_498,1960-04-25,Feminino,Vendedor,2020-04-27,3267,Solteiro,0,1,432
Cliente_499,1965-02-08,Masculino,Administrador,2023-05-20,70662,Casado,0,0,596
Cliente_500,2002-04-12,Feminino,Médico,2022-01-22,7737,Casado,3,1,346
Cliente_501,1956-10-10,Masculino,Programador,2018-02-09,13127,Solteiro,3,0,362
Cliente_502,1984-06-05,Feminino,Administrador,2015-01-04,61347,Casado,0,0,494
Cliente_503,1995-11-24,Feminino,Engenheiro,2018-08-03,11282,Casado,3,1,707
Cliente_504,1965-10-31,Masculino,Programador,2022-12-09,4554,Solteiro,2,0,806
Cliente_505,1994-10-27,Feminino,Engenheiro,2021-11-14,9003,Solteiro,2,0,845
Cliente_506,1965-02-05,Masculino,Professor,2017-01-17,13173,Divorciado,2,1,825
Cliente_507,1959-02-18,Feminino,Professor,,52426,Divorciado,0,1,376
Cliente_508,1956-08-22,Masculino,Administrador,,6495,Divorciado,0,1,469
Cliente_509,1978-04-26,Masculino,Vendedor,,7945,Casado,0,1,748
Cliente_510,1967-01-29,Feminino,Programador,2016-01-10,1801,Divorciado,3,0,821
Cliente_511,1961-07-01,Masculino,Designer,2015-02-28,7265,Divorciado,1,1,693
Cliente_512,1968-07-01,Feminino,Médico,2022-03-31,6453,Casado,1,0,699
Cliente_513,1957-08-19,Masculino,Engenheiro,2021-10-02,9712,Casado,3,0,710
Cliente_514,1966-10-12,Masculino,Engenheiro,2019-01-06,2515,Casado,0,1,578
Cliente_515,1992-07-03,Masculino,Vendedor,,7843,Divorciado,0,0,511
Cliente_516,1964-03-13,Feminino,Médico,2016-03-01,14850,Divorciado,3,0,488
Cliente_517,1966-05-29,Feminino,Programador,2019-06-16,10592,Solteiro,2,1,303
Cliente_518,1983-07-13,Masculino,Programador,2017-07-06,5195,Divorciado,2,1,463
Cliente_519,1984-08-08,Feminino,Vendedor,2015-10-16,7936,Divorciado,3,1,523
Cliente_520,1981-11-27,Feminino,Engenheiro,,2938,Casado,3,1,309
Cliente_521,1960-01-07,Masculino,Professor,2015-09-29,10031,Casado,2,0,825
Cliente_522,1963-04-23,Masculino,Administrador,2016-10-11,11534,Divorciado,2,0,766
Cliente_523,1985-04-27,Masculino,Médico,2017-07-25,12747,Solteiro,1,0,815
Cliente_524,1982-02-23,Feminino,Engenheiro,2020-07-19,5438,Divorciado,1,1,837
Cliente_525,1967-04-28,Masculino,Professor,2019-08-16,8487,Casado,1,0,565
Cliente_526,1999-11-01,Masculino,Programador,2019-07-16,11418,Solteiro,0,1,610
Cliente_527,1981-02-24,Feminino,Professor,2018-12-07,10383,Solteiro,2,1,525
Cliente_528,1985-09-30,Masculino,Administrador,2020-04-26,12190,Divorciado,0,0,603
Cliente_529,1982-05-29,Feminino,Administrador,2024-09-08,10369,Divorciado,3,0,574
Cliente_530,1976-08-26,Masculino,Vendedor,2017-05-05,4814,Solteiro,0,0,421
Cliente_531,1978-02-06,Feminino,Administrador,2015-05-11,6562,Casado,0,0,475
Cliente_532,1958-04-29,Masculino,Designer,2017-07-06,10082,Solteiro,3,0,529
Cliente_533,1999-07-22,Masculino,Engenheiro,2021-08-08,8546,Casado,0,1,346
Cliente_534,1994-05-15,Masculino,Médico,2023-07-24,14116,Divorciado,0,0,846
Cliente_535,1993-04-02,Feminino,Professor,2020-12-31,10754,Solteiro,1,1,543
Cliente_536,1986-01-14,Feminino,Programador,2017-08-03,6701,Casado,3,0,598
Cliente_537,1972-06-02,Masculino,Professor,2021-08-31,89856,Casado,3,0,340
Cliente_538,1993-01-27,Masculino,Programador,2016-10-18,3439,Solteiro,3,0,451
Cliente_539,1987-08-04,Feminino,Administrador,2017-06-19,3884,Casado,3,1,584
Cliente_540,2001-01-08,Masculino,Administrador,2023-02-02,14040,Solteiro,2,0,436
Cliente_541,1969-07-25,Masculino,Designer,2022-01-28,8283,Divorciado,2,1,576
Cliente_542,1970-03-20,Masculino,Vendedor,2015-09-27,6470,Divorciado,3,1,352
Cliente_543,1977-02-05,Feminino,Programador,2015-09-09,14962,Solteiro,2,0,554
Cliente_544,1958-02-07,Feminino,Médico,2017-05-13,13596,Divorciado,0,0,515
Cliente_545,1964-12-25,Masculino,Designer,2023-03-15,14264,Divorciado,1,0,847
Cliente_546,1969-06-25,Feminino,Administrador,2017-06-03,3655,Solteiro,1,0,418
Cliente_547,2001-03-13,Masculino,Vendedor,2021-06-16,13991,Casado,0,1,301
Cliente_548,1988-03-24,Feminino,Professor,2020-01-29,11608,Solteiro,1,0,655
Cliente_549,1969-02-02,Masculino,Administrador,2016-07-05,10790,Solteiro,0,0,677
Cliente_550,1971-11-04,Masculino,Vendedor,,11270,Solteiro,0,1,632
Cliente_551,2005-01-11,Feminino,Vendedor,2018-05-10,12761,Divorciado,1,1,385
Cliente_552,1955-02-19,Masculino,Engenheiro,2020-12-03,30417,Casado,0,1,570
Cliente_553,1972-08-28,Masculino,Programador,2022-04-12,9308,Divorciado,1,0,436
Cliente_554,1963-12-29,Feminino,Vendedor,2017-08-12,11407,Divorciado,3,0,718
Cliente_555,2006-04-03,Feminino,Médico,2017-03-28,12142,Solteiro,1,0,601
Cliente_556,1975-03-24,Masculino,Engenheiro,2021-05-28,7848,Divorciado,1,1,632
Cliente_557,1979-12-30,Feminino,Engenheiro,2015-05-06,3753,Casado,3,0,358
Cliente_558,1971-10-18,Feminino,Designer,2018-07-06,5207,Solteiro,1,0,310
Cliente_559,1969-03-11,Feminino,Professor,2023-09-05,21967,Casado,0,1,664
Cliente_560,1958-07-01,Masculino,Administrador,2016-06-18,8267,Casado,2,0,524
Cliente_561,1957-10-15,Feminino,Engenheiro,2015-09-16,12499,Divorciado,3,0,586
Cliente_562,1986-12-31,Masculino,Médico,2022-09-20,13915,Divorciado,1,0,480
Cliente_563,1962-12-25,Feminino,Programador,2021-01-03,4401,Divorciado,3,0,562
Cliente_564,1987-02-05,Masculino,Administrador,2022-04-12,8697,Solteiro,3,1,316
Cliente_565,1982-04-19,Masculino,Programador,2016-06-04,9527,Divorciado,0,0,850
Cliente_566,1967-09-07,Feminino,Programador,2020-01-21,8996,Casado,0,0,408
Cliente_567,1963-03-20,Masculino,Designer,2021-01-20,8505,Casado,1,1,691
Cliente_568,2004-03-06,Masculino,Administrador,2018-03-16,2185,Solteiro,1,0,563
Cliente_569,1971-11-24,Feminino,Médico,2015-03-24,7732,Divorciado,3,0,511
Cliente_570,1976-08-17,Feminino,Engenheiro,2024-03-03,7957,Casado,3,0,752
Cliente_571,1970-07-06,Masculino,Vendedor,2018-03-24,13664,Casado,3,0,525
Cliente_572,1991-12-23,Feminino,Médico,2017-10-23,10284,Casado,0,0,632
Cliente_573,1964-11-07,Feminino,Administrador,,13036,Casado,3,0,575
Cliente_574,1995-05-02,Masculino,Designer,2019-02-28,10030,Solteiro,1,0,508
Cliente_575,1958-11-12,Masculino,Designer,2017-02-19,8985,Casado,1,1,704
Cliente_576,2004-05-13,Masculino,Professor,2021-06-04,2194,Casado,2,0,459
Cliente_577,1971-06-08,Feminino,Médico,2015-01-03,5525,Casado,3,1,756
Cliente_578,1956-02-25,Masculino,Programador,2023-03-26,7981,Casado,0,1,537
Cliente_579,2004-05-08,Feminino,Designer,2020-12-05,2143,Casado,2,0,744
Cliente_580,1999-04-03,Masculino,Designer,2018-05-21,9956,Divorciado,0,0,677
Cliente_581,1968-05-01,Masculino,Professor,2019-08-22,2307,Solteiro,0,1,451
Cliente_582,1994-08-11,Masculino,Vendedor,2015-02-06,8701,Solteiro,3,1,790
Cliente_583,1965-05-13,Masculino,Programador,2016-01-14,6489,Divorciado,3,0,395
Cliente_584,1990-06-25,Feminino,Vendedor,,6184,Casado,3,0,807
Cliente_585,2002-04-10,Feminino,Designer,2022-10-15,8421,Divorciado,2,0,485
Cliente_586,1983-06-12,Feminino,Engenheiro,2024-02-14,2393,Casado,0,0,770
Cliente_587,1972-10-09,Feminino,Administrador,,3830,Casado,3,1,489
Cliente_588,1977-06-01,Feminino,Programador,2016-03-27,12085,Casado,3,1,480
Cliente_589,1987-10-18,Masculino,Médico,2018-04-23,13339,Solteiro,3,0,493
Cliente_590,1965-12-28,Masculino,Administrador,2019-04-13,4445,Divorciado,3,0,802
Cliente_591,1977-06-17,Feminino,Professor,2016-01-11,12905,Casado,1,1,484
Cliente_592,1976-07-03,Feminino,Vendedor,,7940,Divorciado,0,1,588
Cliente_593,1972-10-08,Masculino,Engenheiro,2017-09-01,8887,Casado,0,0,321
Cliente_594,1981-10-27,Feminino,Engenheiro,2019-12-17,79464,Solteiro,3,1,617
Cliente_595,1968-12-18,Feminino,Médico,2020-06-21,13175,Divorciado,2,0,466
Cliente_596,1984-02-25,Masculino,Professor,,8949,Divorciado,0,1,481
Cliente_597,1999-06-09,Feminino,Designer,2016-07-30,62477,Solteiro,2,0,703
Cliente_598,1964-08-03,Feminino,Vendedor,2024-08-12,13156,Solteiro,3,0,492
Cliente_599,2005-01-16,Feminino,Administrador,2016-04-13,13269,Solteiro,3,1,371
Cliente_600,1958-05-23,Feminino,Vendedor,2022-08-20,2994,Casado,0,1,446
Cliente_601,2002-02-10,Feminino,Professor,,8862,Casado,3,0,373
Cliente_602,1975-05-22,Feminino,Vendedor,,2897,Divorciado,2,0,736
Cliente_603,1986-09-01,Masculino,Designer,2022-03-27,7792,Casado,3,0,551
Cliente_604,2000-08-17,Feminino,Médico,2020-11-28,9883,Solteiro,3,1,765
Cliente_605,2003-03-04,Feminino,Médico,2023-08-15,4119,Divorciado,0,1,712
Cliente_606,2004-01-01,Feminino,Engenheiro,2018-03-03,7735,Casado,1,1,402
Cliente_607,1984-08-07,Feminino,Engenheiro,2024-01-15,42398,Solteiro,2,0,839
Cliente_608,1988-11-24,Masculino,Engenheiro,2021-06-05,10765,Solteiro,1,0,440
Cliente_609,2004-12-15,Feminino,Médico,2019-08-29,3959,Casado,3,1,312
Cliente_610,1993-02-10,Masculino,Designer,2018-01-31,3869,Divorciado,2,0,402
Cliente_611,1985-05-20,Feminino,Médico,2019-11-28,13166,Casado,3,1,686
Cliente_612,1995-06-17,Masculino,Administrador,2023-04-09,60378,Casado,1,1,693
Cliente_613,1964-04-19,Feminino,Médico,2019-04-11,14093,Solteiro,1,0,321
Cliente_614,1996-07-09,Feminino,Engenheiro,2022-08-29,6231,Divorciado,2,1,412
Cliente_615,1956-03-09,Masculino,Professor,2015-09-01,3426,Casado,3,0,313
Cliente_616,1987-03-25,Masculino,Engenheiro,2022-03-18,4823,Divorciado,1,1,344
Cliente_617,1965-01-23,Feminino,Professor,2023-04-20,53175,Divorciado,2,1,435
Cliente_618,1983-10-18,Feminino,Designer,2024-07-11,85225,Solteiro,3,0,554
Cliente_619,1973-09-09,Feminino,Designer,2022-11-16,10404,Solteiro,3,1,385
Cliente_620,1991-09-24,Feminino,Programador,2016-10-18,11461,Solteiro,2,0,574
Cliente_621,1996-07-04,Feminino,Programador,2024-05-08,5397,Casado,3,1,446
Cliente_622,1992-02-03,Masculino,Programador,2017-08-04,12304,Casado,1,1,313
Cliente_623,1978-11-17,Feminino,Designer,2018-10-10,8219,Divorciado,1,0,309
Cliente_624,1997-01-31,Feminino,Engenheiro,2018-02-10,11350,Casado,2,0,408
Cliente_625,1954-11-13,Feminino,Engenheiro,2017-05-07,5509,Solteiro,0,0,646
Cliente_626,2004-06-24,Masculino,Engenheiro,2015-05-25,6056,Casado,3,0,387
Cliente_627,1978-10-18,Feminino,Médico,,10634,Divorciado,1,0,507
Cliente_628,1955-02-16,Feminino,Programador,2020-02-05,4901,Casado,1,1,442
Cliente_629,1973-02-10,Feminino,Engenheiro,2023-05-21,39432,Casado,1,0,791
Cliente_630,1971-03-14,Masculino,Programador,2019-06-14,65746,Divorciado,1,1,754
Cliente_631,1988-12-28,Masculino,Programador,2022-06-20,24250,Divorciado,3,0,467
Cliente_632,1999-12-19,Feminino,Administrador,2017-09-14,11384,Casado,0,0,614
Cliente_633,1984-12-30,Feminino,Médico,,2936,Solteiro,3,0,639
Cliente_634,1997-08-22,Masculino,Administrador,2023-08-22,74651,Solteiro,3,0,790
Cliente_635,1979-09-23,Masculino,Designer,2021-09-29,4143,Solteiro,2,1,458
Cliente_636,1995-12-04,Masculino,Engenheiro,2016-11-29,11512,Solteiro,1,1,549
Cliente_637,1956-01-05,Feminino,Médico,2015-06-16,12966,Casado,1,1,357
Cliente_638,2003-02-06,Masculino,Designer,2019-01-13,14399,Casado,0,0,573
Cliente_639,1975-08-20,Masculino,Designer,2023-06-14,8960,Divorciado,0,0,426
Cliente_640,1958-12-28,Masculino,Administrador,2015-12-21,7401,Divorciado,2,1,321
Cliente_641,1968-05-08,Masculino,Engenheiro,2022-07-18,3025,Casado,2,0,345
Cliente_642,1973-07-16,Feminino,Vendedor,2016-01-18,6789,Solteiro,2,0,405
Cliente_643,2000-08-06,Feminino,Programador,2018-11-27,7708,Divorciado,1,0,603
Cliente_644,1961-05-23,Feminino,Professor,2020-10-03,13926,Divorciado,1,1,405
Cliente_645,1976-03-03,Masculino,Programador,2021-06-17,10518,Casado,0,1,823
Cliente_646,2005-08-25,Masculino,Programador,2018-08-16,81710,Casado,0,0,725
Cliente_647,1969-02-05,Feminino,Professor,2022-06-11,12880,Solteiro,2,1,445
Cliente_648,1962-10-22,Feminino,Vendedor,2019-05-20,6893,Casado,3,1,301
Cliente_649,1997-04-25,Feminino,Designer,2024-09-27,10095,Divorciado,0,0,529
Cliente_650,1967-11-22,Feminino,Professor,,4925,Divorciado,1,1,324
Cliente_651,1974-04-16,Masculino,Professor,,3290,Solteiro,0,1,532
Cliente_652,1965-07-16,Masculino,Médico,2018-05-02,11805,Solteiro,1,0,737
Cliente_653,1993-01-21,Feminino,Médico,2023-02-06,2936,Solteiro,3,0,694
Cliente_654,1967-09-18,Feminino,Médico,2016-01-12,12782,Casado,2,1,450
Cliente_655,1990-12-25,Feminino,Designer,2016-08-28,14413,Casado,2,1,661
Cliente_656,1959-12-23,Feminino,Professor,2021-11-25,6205,Solteiro,2,0,593
Cliente_657,1982-07-21,Masculino,Engenheiro,2019-08-26,6685,Divorciado,0,0,531
Cliente_658,1958-07-03,Masculino,Professor,2021-06-14,10923,Divorciado,2,0,693
Cliente_659,1963-05-29,Masculino,Designer,2024-03-17,7297,Casado,1,0,415
Cliente_660,1965-01-29,Masculino,Médico,,11564,Divorciado,0,0,803
Cliente_661,1967-09-16,Feminino,Designer,2024-04-30,10014,Casado,0,1,473
Cliente_662,1982-09-15,Feminino,Médico,2020-09-24,9654,Divorciado,3,1,412
Cliente_663,1977-11-13,Masculino,Designer,2021-04-07,4447,Casado,3,0,529
Cliente_664,1984-10-04,Feminino,Administrador,2023-06-22,5312,Casado,0,1,404
Cliente_665,1999-01-04,Feminino,Engenheiro,,4671,Divorciado,0,0,588
Cliente_666,1981-10-05,Feminino,Médico,2024-04-04,23143,Divorciado,0,0,665
Cliente_667,1966-05-05,Masculino,Médico,,14553,Casado,0,1,378
Cliente_668,1984-11-27,Feminino,Professor,2017-07-07,4896,Divorciado,0,0,641
Cliente_669,1965-02-03,Feminino,Vendedor,2020-10-05,8293,Solteiro,1,0,421
Cliente_670,1955-08-30,Masculino,Vendedor,2017-10-19,6968,Casado,0,0,669
Cliente_671,1972-10-13,Masculino,Designer,2016-07-20,14706,Divorciado,1,0,386
Cliente_672,1976-08-08,Masculino,Programador,,1685,Divorciado,2,0,344
Cliente_673,2004-03-17,Masculino,Programador,2022-09-20,12805,Divorciado,1,0,454
Cliente_674,1962-06-09,Feminino,Professor,2020-04-13,14446,Solteiro,2,0,482
Cliente_675,1977-08-16,Masculino,Designer,2021-09-21,59358,Casado,3,0,738
Cliente_676,1990-06-21,Feminino,Engenheiro,2017-01-13,6807,Solteiro,3,0,843
Cliente_677,1963-01-16,Masculino,Professor,2015-10-20,3365,Divorciado,0,0,642
Cliente_678,1987-10-03,Feminino,Médico,2014-11-01,7092,Solteiro,1,0,485
Cliente_679,1974-12-14,Feminino,Engenheiro,2023-07-03,10821,Solteiro,2,1,735
Cliente_680,1983-08-10,Masculino,Designer,2016-08-16,1977,Casado,2,1,453
Cliente_681,1976-04-01,Feminino,Médico,,4678,Casado,1,1,608
Cliente_682,1981-09-11,Feminino,Administrador,2022-12-26,7036,Divorciado,0,0,593
Cliente_683,1981-12-31,Masculino,Programador,2018-02-23,9349,Solteiro,1,0,656
Cliente_684,1956-12-02,Masculino,Designer,2018-05-23,14562,Casado,3,0,406
Cliente_685,2005-11-15,Feminino,Administrador,2022-09-27,37793,Solteiro,3,1,577
Cliente_686,1960-06-08,Masculino,Administrador,2016-01-13,11776,Solteiro,0,0,811
Cliente_687,1989-08-23,Masculino,Médico,2024-06-12,10297,Casado,1,0,677
Cliente_688,1999-02-07,Masculino,Designer,2014-11-26,9077,Casado,3,1,571
Cliente_689,1985-02-17,Masculino,Médico,2023-04-22,8282,Casado,2,1,378
Cliente_690,1970-04-28,Masculino,Designer,2019-04-19,2417,Divorciado,2,1,302
Cliente_691,1962-12-14,Feminino,Administrador,2020-02-28,6404,Casado,1,0,452
Cliente_692,1956-12-22,Masculino,Administrador,2024-01-23,12611,Solteiro,0,1,450
Cliente_693,1985-03-23,Feminino,Administrador,2021-03-31,10279,Casado,2,1,627
Cliente_694,1964-01-27,Feminino,Vendedor,,95680,Casado,2,0,451
Cliente_695,1962-10-01,Feminino,Programador,2018-11-20,14599,Divorciado,3,1,699
Cliente_696,1966-07-30,Masculino,Professor,2018-04-22,14538,Divorciado,2,1,757
Cliente_697,2005-03-27,Masculino,Médico,2022-04-05,3946,Solteiro,1,1,789
Cliente_698,1998-06-08,Masculino,Médico,2017-04-05,2010,Divorciado,1,0,368
Cliente_699,1980-05-21,Feminino,Programador,2018-12-13,7647,Solteiro,3,1,415
Cliente_700,1986-11-26,Feminino,Vendedor,2016-11-30,4219,Divorciado,1,1,737
Cliente_701,1970-07-03,Feminino,Professor,2019-12-02,7882,Solteiro,1,1,585
Cliente_702,1984-12-15,Feminino,Designer,2021-12-25,3414,Solteiro,3,1,448
Cliente_703,1979-04-25,Feminino,Médico,2017-04-30,13813,Divorciado,3,0,392
Cliente_704,1973-09-04,Masculino,Professor,2020-06-15,6652,Solteiro,3,1,630
Cliente_705,1964-04-29,Masculino,Designer,2015-07-03,5948,Divorciado,3,0,430
Cliente_706,1957-02-16,Feminino,Médico,2017-11-24,9643,Casado,2,1,486
Cliente_707,1959-02-25,Masculino,Médico,,7588,Casado,0,1,694
Cliente_708,1975-12-11,Feminino,Vendedor,2023-01-05,6458,Divorciado,3,0,661
Cliente_709,1968-08-11,Feminino,Vendedor,2019-07-05,6453,Casado,1,1,626
Cliente_710,1957-05-28,Feminino,Vendedor,2015-01-08,7631,Casado,0,0,806
Cliente_711,1977-02-08,Masculino,Designer,2016-05-06,14243,Divorciado,0,0,734
Cliente_712,1975-03-22,Masculino,Programador,2022-01-26,3017,Divorciado,0,1,792
Cliente_713,1966-01-28,Masculino,Administrador,2021-08-26,1908,Divorciado,2,1,723
Cliente_714,1982-06-24,Feminino,Professor,,9692,Casado,2,1,641
Cliente_715,1979-04-11,Masculino,Médico,2017-07-22,7072,Solteiro,3,1,441
Cliente_716,1984-03-25,Masculino,Designer,2015-08-11,13500,Divorciado,1,1,551
Cliente_717,1986-02-06,Masculino,Médico,2019-08-16,6584,Divorciado,3,1,692
Cliente_718,1995-12-17,Feminino,Administrador,2018-05-06,3847,Casado,0,1,728
Cliente_719,1989-07-04,Masculino,Administrador,2015-03-02,3109,Solteiro,3,1,809
Cliente_720,1978-06-23,Masculino,Designer,2021-03-24,9956,Solteiro,0,0,846
Cliente_721,1996-01-22,Feminino,Médico,2019-03-12,3674,Solteiro,1,1,804
Cliente_722,1958-09-16,Masculino,Engenheiro,2024-07-28,2098,Divorciado,0,0,845
Cliente_723,1990-03-05,Feminino,Programador,2020-02-24,13192,Casado,2,1,849
Cliente_724,1989-08-07,Feminino,Professor,,3397,Casado,3,0,535
Cliente_725,1987-05-16,Masculino,Programador,2015-07-06,25771,Casado,3,0,693
Cliente_726,1963-05-06,Feminino,Programador,,11236,Casado,2,0,385
Cliente_727,1981-12-23,Masculino,Professor,2017-10-30,6960,Casado,2,0,731
Cliente_728,1959-09-19,Feminino,Vendedor,2014-10-16,2255,Solteiro,2,0,839
Cliente_729,1981-05-24,Masculino,Administrador,2022-06-14,14053,Solteiro,0,1,524
Cliente_730,1997-10-06,Feminino,Programador,2019-08-28,6619,Solteiro,2,1,389
Cliente_731,1989-05-15,Masculino,Engenheiro,2020-09-11,60913,Solteiro,1,1,540
Cliente_732,1980-03-16,Masculino,Vendedor,2015-08-13,4938,Divorciado,3,1,670
Cliente_733,1986-05-17,Masculino,Designer,2019-09-04,4654,Solteiro,3,1,302
Cliente_734,1974-05-29,Masculino,Vendedor,2016-03-01,10220,Solteiro,1,1,508
Cliente_735,1990-09-08,Feminino,Professor,2019-06-20,8727,Divorciado,3,1,317
Cliente_736,1979-09-01,Masculino,Designer,2020-09-11,5967,Divorciado,2,1,671
Cliente_737,2005-07-07,Masculino,Administrador,2023-06-29,5983,Divorciado,3,1,785
Cliente_738,1958-11-12,Masculino,Médico,,11706,Divorciado,1,0,436
Cliente_739,1995-06-06,Masculino,Administrador,2024-09-30,3177,Divorciado,2,1,412
Cliente_740,1982-03-05,Feminino,Vendedor,2015-06-19,7239,Divorciado,0,0,361
Cliente_741,2002-09-13,Masculino,Engenheiro,2015-10-20,5940,Divorciado,0,0,657
Cliente_742,2001-11-22,Feminino,Administrador,2018-12-01,13040,Divorciado,2,1,669
Cliente_743,1957-02-20,Masculino,Administrador,2023-07-31,10905,Solteiro,3,0,442
Cliente_744,1980-07-29,Feminino,Administrador,,2667,Casado,1,0,601
Cliente_745,1995-06-16,Feminino,Administrador,2023-03-13,7049,Casado,2,1,771
Cliente_746,1962-09-29,Feminino,Designer,2016-06-11,2331,Solteiro,1,1,447
Cliente_747,1997-07-31,Feminino,Vendedor,2023-07-28,9212,Solteiro,0,1,731
Cliente_748,2005-09-07,Masculino,Designer,2022-07-29,2326,Solteiro,2,1,548
Cliente_749,1955-04-14,Feminino,Professor,2015-03-20,2381,Solteiro,2,1,515
Cliente_750,1981-04-10,Feminino,Vendedor,2019-08-24,71369,Casado,1,0,529
Cliente_751,1964-09-02,Feminino,Médico,2022-08-20,11266,Casado,0,1,357
Cliente_752,1963-11-02,Masculino,Professor,2023-07-25,11813,Casado,0,1,441
Cliente_753,1967-04-08,Masculino,Médico,2024-04-01,12958,Divorciado,2,0,420
Cliente_754,1976-03-20,Masculino,Vendedor,2015-05-19,7326,Casado,1,0,446
Cliente_755,1990-03-30,Feminino,Professor,2023-05-23,14892,Solteiro,2,1,686
Cliente_756,2002-03-05,Feminino,Vendedor,2019-09-20,13925,Casado,3,0,326
Cliente_757,1984-02-18,Feminino,Designer,2018-03-01,10240,Divorciado,0,1,734
Cliente_758,1963-12-04,Feminino,Administrador,2023-04-06,81039,Divorciado,0,0,680
Cliente_759,1996-07-19,Masculino,Designer,2024-09-21,3022,Casado,2,0,355
Cliente_760,2000-12-02,Feminino,Engenheiro,2024-03-24,12945,Solteiro,2,1,408
Cliente_761,1970-11-01,Masculino,Designer,2019-12-02,8964,Divorciado,2,1,375
Cliente_762,1962-09-01,Feminino,Programador,2019-05-10,12058,Casado,0,0,788
Cliente_763,2000-02-20,Feminino,Designer,2016-01-05,9125,Solteiro,0,1,461
Cliente_764,1955-01-07,Feminino,Programador,2022-10-14,5166,Divorciado,0,0,330
Cliente_765,2001-12-22,Feminino,Designer,2022-10-28,11607,Solteiro,3,0,450
Cliente_766,1993-03-04,Masculino,Programador,2023-05-02,7454,Solteiro,2,0,674
Cliente_767,1993-05-26,Feminino,Programador,2017-05-25,12962,Solteiro,0,0,444
Cliente_768,1956-04-15,Masculino,Administrador,2014-11-15,6912,Divorciado,3,0,380
Cliente_769,1979-07-11,Feminino,Vendedor,2014-11-20,6820,Solteiro,2,1,550
Cliente_770,1999-02-21,Masculino,Designer,2017-12-10,1995,Divorciado,1,1,378
Cliente_771,1984-07-08,Feminino,Programador,2016-03-22,34796,Solteiro,1,0,312
Cliente_772,1996-02-27,Masculino,Engenheiro,2020-04-23,9056,Casado,2,0,726
Cliente_773,1956-09-19,Feminino,Administrador,2021-06-22,6124,Solteiro,2,1,453
Cliente_774,1969-06-12,Feminino,Médico,2023-04-11,11403,Solteiro,2,0,486
Cliente_775,1986-07-15,Masculino,Vendedor,2018-01-06,9822,Solteiro,1,1,781
Cliente_776,1959-11-26,Masculino,Administrador,2016-05-18,14894,Solteiro,3,1,443
Cliente_777,1972-08-28,Masculino,Programador,2015-04-26,3252,Casado,1,1,840
Cliente_778,1966-05-14,Masculino,Programador,2015-02-13,12140,Divorciado,0,1,606
Cliente_779,1967-01-24,Feminino,Vendedor,2016-07-04,59599,Solteiro,2,1,781
Cliente_780,1980-02-09,Feminino,Engenheiro,2017-09-04,8066,Solteiro,1,1,721
Cliente_781,1968-04-24,Feminino,Engenheiro,2022-06-03,5408,Solteiro,2,0,645
Cliente_782,1979-05-22,Masculino,Administrador,2021-07-06,10477,Casado,3,0,754
Cliente_783,1955-10-09,Masculino,Professor,2017-03-25,9403,Casado,0,1,313
Cliente_784,2001-05-19,Feminino,Vendedor,2016-10-21,7082,Solteiro,1,0,593
Cliente_785,1997-11-18,Feminino,Vendedor,2022-10-11,12871,Solteiro,3,1,413
Cliente_786,1988-02-22,Masculino,Médico,2016-12-26,14350,Solteiro,3,0,459
Cliente_787,1987-11-08,Masculino,Professor,2016-10-21,10793,Solteiro,0,1,361
Cliente_788,1983-01-16,Feminino,Vendedor,2020-10-27,10421,Divorciado,0,1,332
Cliente_789,1999-07-02,Feminino,Programador,2018-03-27,4335,Divorciado,0,0,477
Cliente_790,1992-09-10,Feminino,Engenheiro,2017-04-16,2776,Divorciado,3,0,815
Cliente_791,1985-04-07,Feminino,Programador,2017-03-18,13163,Solteiro,1,1,464
Cliente_792,1991-03-11,Feminino,Vendedor,2015-05-03,9472,Casado,3,0,311
Cliente_793,1957-04-06,Masculino,Vendedor,2014-12-06,11266,Solteiro,1,0,705
Cliente_794,2000-01-19,Masculino,Vendedor,2015-09-16,10594,Casado,3,0,733
Cliente_795,1992-09-27,Feminino,Designer,,78355,Solteiro,0,1,765
Cliente_796,2006-07-18,Feminino,Administrador,2020-07-01,8148,Solteiro,2,1,564
Cliente_797,1970-02-18,Masculino,Médico,2017-04-03,34253,Casado,3,1,813
Cliente_798,1966-05-14,Masculino,Administrador,,11271,Divorciado,3,1,613
Cliente_799,1964-08-16,Feminino,Designer,2015-12-18,7708,Solteiro,2,0,532
Cliente_800,1980-08-27,Masculino,Engenheiro,2021-07-23,12067,Solteiro,3,0,733
Cliente_801,2003-11-09,Masculino,Engenheiro,2023-02-17,2983,Solteiro,3,1,460
Cliente_802,1986-01-06,Feminino,Engenheiro,2017-01-10,3776,Divorciado,3,0,578
Cliente_803,1980-12-08,Feminino,Médico,2022-06-26,13869,Solteiro,3,0,394
Cliente_804,1981-06-02,Feminino,Professor,2024-05-29,1503,Divorciado,3,0,834
Cliente_805,1966-01-19,Feminino,Programador,2019-09-12,12327,Solteiro,1,1,686
Cliente_806,2000-05-25,Masculino,Vendedor,2015-01-14,10204,Solteiro,1,0,428
Cliente_807,1985-11-04,Masculino,Programador,2018-06-21,11585,Divorciado,1,0,516
Cliente_808,1983-01-19,Feminino,Programador,2016-06-12,4705,Casado,3,1,710
Cliente_809,1989-01-13,Masculino,Programador,2020-05-30,6687,Solteiro,3,0,357
Cliente_810,1968-08-23,Feminino,Vendedor,2015-12-23,14514,Solteiro,1,0,524
Cliente_811,1996-06-27,Feminino,Programador,2016-12-18,6489,Solteiro,0,0,701
Cliente_812,1957-12-05,Feminino,Professor,2017-04-27,8622,Divorciado,1,0,488
Cliente_813,1986-08-13,Feminino,Designer,,7140,Casado,3,0,379
Cliente_814,1993-06-01,Masculino,Médico,2020-02-06,11047,Divorciado,3,0,779
Cliente_815,1982-12-14,Feminino,Designer,2017-02-01,86902,Casado,0,1,788
Cliente_816,1994-01-09,Masculino,Designer,2018-07-31,3589,Casado,1,1,620
Cliente_817,2000-05-18,Masculino,Administrador,,2522,Solteiro,2,1,714
Cliente_818,2001-06-07,Feminino,Vendedor,2022-06-30,10492,Divorciado,0,0,689
Cliente_819,1991-11-25,Feminino,Programador,2016-01-06,1513,Divorciado,3,0,468
Cliente_820,1979-03-10,Masculino,Vendedor,2019-10-21,14947,Divorciado,0,0,355
Cliente_821,1955-09-20,Feminino,Programador,2017-08-31,3297,Solteiro,0,1,680
Cliente_822,1980-11-21,Feminino,Professor,2017-07-05,2010,Divorciado,2,0,734
Cliente_823,1967-05-21,Feminino,Médico,2018-03-04,13005,Divorciado,2,1,499
Cliente_824,1995-08-18,Masculino,Engenheiro,2018-01-02,11743,Solteiro,0,0,576
Cliente_825,1964-09-25,Masculino,Designer,2016-08-22,7771,Solteiro,1,1,411
Cliente_826,1979-07-03,Masculino,Engenheiro,2021-06-22,8630,Divorciado,0,0,406
Cliente_827,1970-09-03,Feminino,Médico,2017-02-11,12354,Solteiro,2,1,379
Cliente_828,1982-05-12,Feminino,Designer,,3778,Divorciado,2,0,671
Cliente_829,1961-11-19,Feminino,Engenheiro,2016-07-12,7801,Solteiro,2,0,643
Cliente_830,1958-05-04,Feminino,Engenheiro,2020-07-16,7402,Divorciado,2,1,328
Cliente_831,1962-06-26,Masculino,Administrador,,4027,Solteiro,2,1,545
Cliente_832,1967-07-06,Masculino,Vendedor,2021-10-22,12478,Casado,3,0,588
Cliente_833,1999-07-27,Feminino,Professor,2018-03-22,1690,Solteiro,0,0,466
Cliente_834,2003-03-17,Masculino,Médico,2024-09-15,22058,Divorciado,1,0,409
Cliente_835,1968-01-10,Masculino,Médico,2016-10-24,9474,Solteiro,1,1,366
Cliente_836,1977-11-13,Masculino,Médico,2024-04-28,3724,Divorciado,3,0,516
Cliente_837,1984-04-27,Masculino,Designer,2021-02-25,74507,Solteiro,0,0,311
Cliente_838,2004-06-18,Feminino,Administrador,2016-02-05,14425,Solteiro,2,0,616
Cliente_839,1998-08-04,Feminino,Professor,2017-11-13,8474,Divorciado,2,0,492
Cliente_840,1986-03-31,Feminino,Programador,2021-05-24,8944,Divorciado,1,0,506
Cliente_841,1955-03-07,Masculino,Designer,2018-05-08,10544,Casado,1,1,333
Cliente_842,2004-12-03,Masculino,Médico,2023-12-15,7803,Casado,3,1,546
Cliente_843,1982-08-09,Feminino,Designer,2021-03-17,4544,Divorciado,0,1,575
Cliente_844,1955-02-01,Feminino,Engenheiro,2022-09-16,1621,Divorciado,0,1,387
Cliente_845,2003-03-05,Masculino,Designer,2015-12-15,13475,Solteiro,2,1,345
Cliente_846,1991-01-25,Feminino,Vendedor,2020-02-09,9720,Casado,0,1,795
Cliente_847,1964-07-28,Feminino,Vendedor,2020-03-31,10448,Divorciado,0,1,346
Cliente_848,1960-03-23,Feminino,Designer,,2048,Solteiro,3,1,349
Cliente_849,1967-02-10,Feminino,Médico,2022-05-19,10808,Solteiro,3,1,622
Cliente_850,1981-10-30,Feminino,Engenheiro,2021-01-21,7538,Casado,2,1,395
Cliente_851,1990-07-02,Feminino,Médico,2022-04-28,9389,Casado,3,0,616
Cliente_852,1967-09-05,Masculino,Engenheiro,2017-11-02,2811,Casado,2,1,308
Cliente_853,1962-09-02,Feminino,Administrador,2018-06-23,13481,Solteiro,3,1,665
Cliente_854,1998-08-07,Feminino,Vendedor,2017-06-28,13797,Divorciado,3,1,589
Cliente_855,1964-08-13,Masculino,Engenheiro,,9117,Solteiro,1,0,707
Cliente_856,1975-07-27,Feminino,Engenheiro,2019-10-10,10074,Casado,1,1,812
Cliente_857,1970-02-24,Feminino,Administrador,2017-07-27,2949,Solteiro,3,1,499
Cliente_858,1976-11-18,Masculino,Médico,2017-10-21,11832,Casado,3,0,622
Cliente_859,1977-12-24,Feminino,Vendedor,2024-04-28,12456,Solteiro,3,0,700
Cliente_860,1997-05-26,Feminino,Engenheiro,2021-03-04,90673,Casado,1,1,664
Cliente_861,1992-05-10,Masculino,Vendedor,2015-11-04,6619,Solteiro,2,1,432
Cliente_862,1977-03-12,Masculino,Administrador,2020-06-11,7128,Divorciado,0,0,399
Cliente_863,1969-11-08,Feminino,Professor,2016-08-26,1676,Solteiro,3,0,639
Cliente_864,1962-05-02,Masculino,Vendedor,2018-12-22,9899,Casado,3,0,717
Cliente_865,1980-12-04,Feminino,Professor,2020-07-26,10903,Casado,1,1,815
Cliente_866,1970-11-09,Masculino,Programador,2019-01-25,8397,Divorciado,3,0,403
Cliente_867,1957-06-07,Masculino,Professor,2024-04-12,14578,Casado,2,1,814
Cliente_868,2003-06-29,Masculino,Programador,2017-06-19,4244,Divorciado,0,1,453
Cliente_869,1965-12-24,Masculino,Professor,2019-01-04,98333,Divorciado,3,1,324
Cliente_870,1998-11-19,Masculino,Médico,,13410,Solteiro,2,1,691
Cliente_871,1978-07-26,Masculino,Programador,,5767,Solteiro,0,0,788
Cliente_872,1984-02-21,Feminino,Designer,2016-02-06,82018,Casado,1,0,338
Cliente_873,1977-10-12,Feminino,Designer,2024-09-08,10885,Casado,0,1,597
Cliente_874,1996-05-20,Feminino,Professor,2022-05-29,58240,Solteiro,2,0,465
Cliente_875,1970-07-10,Masculino,Administrador,2016-02-05,11728,Casado,0,1,455
Cliente_876,1960-08-13,Feminino,Designer,2017-01-31,83538,Casado,0,0,774
Cliente_877,2006-09-06,Masculino,Vendedor,2023-08-10,86269,Casado,1,1,380
Cliente_878,1958-02-08,Feminino,Professor,2015-06-24,56418,Divorciado,0,1,395
Cliente_879,1965-05-03,Feminino,Professor,2016-06-16,11589,Divorciado,1,0,537
Cliente_880,1969-09-16,Masculino,Vendedor,2017-07-09,5709,Casado,3,1,520
Cliente_881,2001-12-02,Masculino,Vendedor,2023-12-18,34621,Divorciado,0,1,444
Cliente_882,1989-12-15,Masculino,Designer,2023-01-18,11195,Casado,0,0,464
Cliente_883,1960-04-09,Feminino,Designer,,12299,Solteiro,1,1,813
Cliente_884,1974-04-30,Feminino,Engenheiro,2024-05-06,14735,Divorciado,0,1,828
Cliente_885,1962-01-23,Feminino,Vendedor,,14320,Casado,2,1,835
Cliente_886,1967-02-16,Feminino,Programador,,9444,Casado,1,0,649
Cliente_887,2002-02-25,Masculino,Professor,2018-07-07,10140,Casado,1,1,758
Cliente_888,1988-07-09,Feminino,Designer,,7117,Solteiro,3,1,434
Cliente_889,1982-10-29,Feminino,Programador,2021-11-14,3876,Solteiro,0,0,647
Cliente_890,1957-07-06,Feminino,Designer,2019-09-18,14963,Casado,2,0,597
Cliente_891,1995-01-11,Feminino,Designer,2019-12-01,9625,Divorciado,3,0,668
Cliente_892,1980-12-10,Feminino,Engenheiro,2020-05-27,8265,Casado,0,0,741
Cliente_893,1967-06-24,Masculino,Vendedor,2018-10-10,5398,Solteiro,3,1,340
Cliente_894,1963-04-19,Masculino,Professor,,13394,Solteiro,0,0,696
Cliente_895,1995-11-22,Feminino,Professor,2024-01-23,4954,Divorciado,2,1,544
Cliente_896,2004-03-12,Feminino,Médico,2018-03-16,7153,Casado,3,1,513
Cliente_897,1985-04-25,Masculino,Administrador,,54654,Divorciado,1,0,376
Cliente_898,1992-07-29,Feminino,Vendedor,2020-10-04,3400,Solteiro,3,1,456
Cliente_899,1978-11-27,Feminino,Administrador,2023-08-01,80819,Casado,0,0,809
Cliente_900,1957-05-14,Masculino,Administrador,2017-01-29,6437,Casado,2,1,399
Cliente_901,2005-07-22,Feminino,Engenheiro,2023-10-20,13827,Divorciado,3,0,315
Cliente_902,1957-03-28,Feminino,Programador,2019-11-12,5328,Divorciado,2,0,446
Cliente_903,1970-03-07,Feminino,Engenheiro,2015-07-21,13060,Divorciado,0,0,616
Cliente_904,1998-06-03,Feminino,Administrador,2019-06-16,5802,Solteiro,0,0,389
Cliente_905,1986-08-17,Feminino,Administrador,2022-04-22,8622,Solteiro,0,0,810
Cliente_906,1996-08-09,Feminino,Programador,2020-05-21,78827,Solteiro,1,0,396
Cliente_907,1965-05-21,Masculino,Professor,2015-03-31,6672,Casado,2,1,765
Cliente_908,1996-03-30,Feminino,Médico,2017-08-29,12688,Casado,1,0,621
Cliente_909,1992-12-20,Feminino,Médico,2017-03-05,3095,Divorciado,1,0,473
Cliente_910,1962-01-27,Feminino,Professor,2015-11-09,11943,Divorciado,2,1,602
Cliente_911,1980-08-07,Masculino,Designer,2017-07-04,8574,Solteiro,0,1,465
Cliente_912,1961-02-17,Feminino,Engenheiro,2024-08-24,12183,Divorciado,1,1,369
Cliente_913,1982-04-03,Masculino,Médico,2018-07-19,6988,Solteiro,2,0,586
Cliente_914,1969-07-05,Feminino,Vendedor,2024-04-20,14645,Solteiro,3,1,672
Cliente_915,1963-07-01,Masculino,Administrador,,96569,Casado,1,1,661
Cliente_916,1964-06-02,Feminino,Designer,2018-09-30,14167,Solteiro,0,0,391
Cliente_917,1984-12-01,Feminino,Programador,2023-10-26,5461,Casado,2,0,372
Cliente_918,1965-10-21,Feminino,Vendedor,2016-05-18,11145,Solteiro,1,1,483
Cliente_919,1957-04-30,Feminino,Médico,2016-08-18,10018,Divorciado,0,0,771
Cliente_920,1993-10-22,Masculino,Programador,2020-02-22,12809,Casado,0,1,564
Cliente_921,1972-05-15,Masculino,Designer,2015-03-23,6632,Solteiro,2,0,784
Cliente_922,1989-09-07,Feminino,Programador,2022-12-19,12523,Solteiro,3,0,562
Cliente_923,1961-03-09,Feminino,Designer,2017-11-08,28906,Casado,0,1,752
Cliente_924,1994-07-15,Masculino,Programador,2022-08-05,32805,Divorciado,2,1,443
Cliente_925,2000-07-09,Masculino,Engenheiro,2017-03-31,12731,Casado,1,1,426
Cliente_926,1981-12-31,Masculino,Médico,2015-03-20,5094,Casado,3,1,799
Cliente_927,1969-07-23,Masculino,Médico,,5627,Divorciado,2,0,340
Cliente_928,1976-04-16,Masculino,Administrador,2018-08-13,1888,Divorciado,2,0,672
Cliente_929,1961-03-26,Masculino,Designer,2018-08-10,2431,Divorciado,3,1,593
Cliente_930,1982-10-25,Masculino,Programador,,12257,Casado,0,0,710
Cliente_931,2006-07-21,Masculino,Professor,2021-12-17,5052,Divorciado,0,1,718
Cliente_932,1981-05-29,Masculino,Administrador,,11954,Casado,1,0,432
Cliente_933,1979-12-31,Feminino,Vendedor,2019-04-23,3465,Casado,1,0,751
Cliente_934,1962-11-09,Feminino,Vendedor,2020-10-07,99257,Casado,1,0,675
Cliente_935,1993-06-14,Feminino,Administrador,2017-06-03,12254,Divorciado,3,1,824
Cliente_936,1966-09-21,Masculino,Médico,2021-07-29,12115,Divorciado,3,0,621
Cliente_937,1958-06-19,Masculino,Programador,2022-08-08,4527,Casado,0,0,682
Cliente_938,1963-05-02,Masculino,Programador,2019-09-20,12897,Casado,2,1,385
Cliente_939,1975-10-27,Masculino,Engenheiro,2017-05-18,6326,Divorciado,0,0,723
Cliente_940,1976-12-16,Feminino,Vendedor,2018-03-22,2740,Casado,2,1,818
Cliente_941,1957-04-08,Feminino,Professor,2018-06-01,6028,Solteiro,3,1,760
Cliente_942,1958-01-11,Feminino,Médico,2021-03-23,12841,Casado,3,0,569
Cliente_943,1972-12-10,Masculino,Engenheiro,2022-11-18,14113,Solteiro,0,1,343
Cliente_944,1965-12-07,Feminino,Professor,,5716,Solteiro,3,0,358
Cliente_945,1977-11-30,Feminino,Médico,2022-04-15,2712,Casado,0,0,550
Cliente_946,1989-11-10,Feminino,Engenheiro,2017-08-02,2522,Casado,3,1,308
Cliente_947,1985-05-11,Masculino,Professor,2015-05-08,6950,Casado,1,1,458
Cliente_948,1955-06-27,Masculino,Médico,2017-02-24,5730,Solteiro,0,1,407
Cliente_949,1972-06-04,Masculino,Vendedor,2014-12-05,5836,Divorciado,2,1,597
Cliente_950,1985-10-30,Masculino,Professor,2019-10-11,2637,Solteiro,0,0,684
Cliente_951,1969-12-06,Masculino,Programador,2021-05-06,4787,Solteiro,1,0,462
Cliente_952,2002-11-13,Feminino,Designer,2023-07-21,4423,Solteiro,1,0,708
Cliente_953,1978-03-28,Masculino,Designer,2017-12-20,3276,Divorciado,2,1,374
Cliente_954,1964-05-08,Masculino,Programador,,14094,Solteiro,3,0,528
Cliente_955,1972-07-31,Feminino,Professor,2015-07-03,11559,Solteiro,3,1,697
Cliente_956,1972-02-23,Feminino,Programador,2018-09-24,8734,Casado,0,1,773
Cliente_957,1993-02-19,Masculino,Designer,2016-07-18,3192,Divorciado,1,0,395
Cliente_958,1962-05-07,Feminino,Designer,2023-11-30,29229,Solteiro,1,1,657
Cliente_959,2003-06-18,Masculino,Professor,2024-07-24,5605,Solteiro,2,0,777
Cliente_960,1995-06-17,Masculino,Designer,2017-09-08,1807,Casado,1,1,779
Cliente_961,1961-09-20,Feminino,Vendedor,,3938,Divorciado,1,1,847
Cliente_962,1976-12-31,Masculino,Programador,2020-03-24,1514,Divorciado,3,0,776
Cliente_963,1997-10-12,Feminino,Vendedor,2022-05-21,12388,Casado,3,1,411
Cliente_964,1967-04-14,Feminino,Vendedor,2018-08-02,3983,Solteiro,0,0,387
Cliente_965,1997-11-02,Feminino,Professor,2018-09-20,7911,Casado,0,0,484
Cliente_966,1959-08-07,Feminino,Programador,2016-01-29,9944,Divorciado,3,1,410
Cliente_967,1965-10-16,Masculino,Professor,2020-05-15,14131,Divorciado,2,1,706
Cliente_968,2005-05-29,Feminino,Designer,2016-02-11,8644,Solteiro,1,0,743
Cliente_969,1993-11-07,Feminino,Médico,2015-02-28,13423,Solteiro,0,1,504
Cliente_970,1970-01-01,Masculino,Professor,2019-07-24,14367,Divorciado,0,1,711
Cliente_971,1992-12-07,Masculino,Professor,2023-10-04,49602,Divorciado,3,0,636
Cliente_972,2000-01-27,Feminino,Médico,2019-02-21,83185,Casado,2,1,366
Cliente_973,1964-08-30,Masculino,Administrador,,10270,Casado,2,1,624
Cliente_974,1983-01-03,Feminino,Designer,2015-09-23,7380,Solteiro,3,1,650
Cliente_975,1976-05-30,Feminino,Programador,2017-02-05,6461,Casado,2,0,797
Cliente_976,1971-02-15,Masculino,Engenheiro,2019-01-03,11859,Divorciado,1,1,517
Cliente_977,1999-07-31,Masculino,Administrador,2022-12-26,12101,Casado,2,0,787
Cliente_978,1977-04-22,Feminino,Médico,2018-06-05,90074,Casado,0,0,417
Cliente_979,1958-11-29,Feminino,Engenheiro,2023-02-18,7071,Divorciado,1,0,585
Cliente_980,1972-09-09,Masculino,Designer,2019-05-08,80245,Casado,0,0,765
Cliente_981,1978-05-17,Masculino,Professor,2024-04-26,6250,Divorciado,2,0,339
Cliente_982,1963-01-03,Feminino,Professor,2019-04-21,4393,Casado,0,1,459
Cliente_983,1958-03-31,Feminino,Administrador,2021-10-22,7794,Divorciado,3,1,781
Cliente_984,2003-07-25,Feminino,Designer,2024-04-16,6396,Divorciado,0,1,449
Cliente_985,2000-08-23,Masculino,Programador,2018-12-18,3249,Solteiro,1,0,518
Cliente_986,1985-09-21,Feminino,Programador,2020-09-20,7386,Solteiro,2,0,627
Cliente_987,1981-01-01,Masculino,Vendedor,2019-09-03,11867,Casado,3,1,332
Cliente_988,1986-05-17,Masculino,Designer,2024-04-28,4604,Solteiro,1,1,689
Cliente_989,1998-09-04,Masculino,Designer,2021-02-19,4663,Casado,2,1,363
Cliente_990,1967-11-07,Feminino,Vendedor,2018-12-04,97718,Casado,2,1,670
Cliente_991,1997-12-14,Feminino,Designer,2021-09-14,7869,Casado,2,1,740
Cliente_992,1997-10-07,Masculino,Designer,2021-10-26,90851,Casado,3,1,784
Cliente_993,1966-12-24,Masculino,Vendedor,2018-05-18,9686,Casado,2,1,518
Cliente_994,1991-11-10,Feminino,Administrador,2017-06-10,14800,Casado,1,0,355
Cliente_995,1979-12-02,Feminino,Designer,2018-03-07,1768,Solteiro,2,1,516
Cliente_996,2004-03-09,Masculino,Designer,2015-05-27,27347,Solteiro,2,1,323
Cliente_997,2002-08-28,Feminino,Professor,,13313,Solteiro,1,0,733
Cliente_998,1977-09-06,Feminino,Engenheiro,2022-04-10,35491,Divorciado,3,1,576
Cliente_999,2001-10-01,Feminino,Programador,2020-10-24,12212,Divorciado,2,0,558
